attachment_id,title,source_export,source_url,archive_path,local_path
4,favicon,narcoticsanonymousjohannesburg.WordPress.2026-08-16.xml,https://www.na.ldpdevelopment.co.za/jhb/wp-content/uploads/sites/5/2025/11/favicon.png,uploads/2025/11/favicon.png,/home/ubuntu/webdev-static-assets/na-south-africa/favicon.png
5,cropped-favicon.png,narcoticsanonymousjohannesburg.WordPress.2026-08-16.xml,https://www.na.ldpdevelopment.co.za/jhb/wp-content/uploads/sites/5/2025/11/cropped-favicon.png,uploads/2025/11/cropped-favicon.png,/home/ubuntu/webdev-static-assets/na-south-africa/cropped-favicon.png
70,logo,narcoticsanonymousjohannesburg.WordPress.2026-08-16.xml,https://www.na.ldpdevelopment.co.za/jhb/wp-content/uploads/sites/5/2025/11/logo.png,uploads/2025/11/logo.png,/home/ubuntu/webdev-static-assets/na-south-africa/logo.png
78,29680,narcoticsanonymousjohannesburg.WordPress.2026-08-16.xml,https://www.na.ldpdevelopment.co.za/jhb/wp-content/uploads/sites/5/2025/11/29680.jpg,uploads/sites/2/2025/11/29680.jpg,/home/ubuntu/webdev-static-assets/na-south-africa/29680.jpg
79,129014,narcoticsanonymousjohannesburg.WordPress.2026-08-16.xml,https://www.na.ldpdevelopment.co.za/jhb/wp-content/uploads/sites/5/2025/11/129014.jpg,uploads/sites/2/2025/11/129014.jpg,/home/ubuntu/webdev-static-assets/na-south-africa/129014.jpg
80,zapper,narcoticsanonymousjohannesburg.WordPress.2026-08-16.xml,https://www.na.ldpdevelopment.co.za/jhb/wp-content/uploads/sites/5/2025/11/zapper.png,uploads/sites/2/2025/11/zapper.png,/home/ubuntu/webdev-static-assets/na-south-africa/zapper.png
81,2150951473,narcoticsanonymousjohannesburg.WordPress.2026-08-16.xml,https://www.na.ldpdevelopment.co.za/jhb/wp-content/uploads/sites/5/2025/11/2150951473.jpg,uploads/sites/2/2025/11/2150951473.jpg,/home/ubuntu/webdev-static-assets/na-south-africa/2150951473.jpg
82,559,narcoticsanonymousjohannesburg.WordPress.2026-08-16.xml,https://www.na.ldpdevelopment.co.za/jhb/wp-content/uploads/sites/5/2025/11/559.jpg,uploads/sites/2/2025/11/559.jpg,/home/ubuntu/webdev-static-assets/na-south-africa/559.jpg
83,584,narcoticsanonymousjohannesburg.WordPress.2026-08-16.xml,https://www.na.ldpdevelopment.co.za/jhb/wp-content/uploads/sites/5/2025/11/584.jpg,uploads/sites/2/2025/11/584.jpg,/home/ubuntu/webdev-static-assets/na-south-africa/584.jpg
84,2733704_12016-scaled-1,narcoticsanonymousjohannesburg.WordPress.2026-08-16.xml,https://www.na.ldpdevelopment.co.za/jhb/wp-content/uploads/sites/5/2025/11/2733704_12016-scaled-1.jpg,uploads/sites/3/2025/11/2733704_12016-scaled-1.jpg,/home/ubuntu/webdev-static-assets/na-south-africa/2733704_12016-scaled-1.jpg
85,143021-e1763291423474,narcoticsanonymousjohannesburg.WordPress.2026-08-16.xml,https://www.na.ldpdevelopment.co.za/jhb/wp-content/uploads/sites/5/2025/11/143021-e1763291423474.jpg,uploads/2025/11/143021-e1763291423474.jpg,/home/ubuntu/webdev-static-assets/na-south-africa/143021-e1763291423474.jpg
86,2151118274,narcoticsanonymousjohannesburg.WordPress.2026-08-16.xml,https://www.na.ldpdevelopment.co.za/jhb/wp-content/uploads/sites/5/2025/11/2151118274.jpg,uploads/sites/2/2025/11/2151118274.jpg,/home/ubuntu/webdev-static-assets/na-south-africa/2151118274.jpg
87,helping-each-other-scaled-1,narcoticsanonymousjohannesburg.WordPress.2026-08-16.xml,https://www.na.ldpdevelopment.co.za/jhb/wp-content/uploads/sites/5/2025/11/helping-each-other-scaled-1.jpg,uploads/sites/2/2025/11/helping-each-other-scaled-1.jpg,/home/ubuntu/webdev-static-assets/na-south-africa/helping-each-other-scaled-1.jpg
88,123795,narcoticsanonymousjohannesburg.WordPress.2026-08-16.xml,https://www.na.ldpdevelopment.co.za/jhb/wp-content/uploads/sites/5/2025/11/123795.jpg,uploads/sites/2/2025/11/123795.jpg,/home/ubuntu/webdev-static-assets/na-south-africa/123795.jpg
89,2147770870-e1763292893626,narcoticsanonymousjohannesburg.WordPress.2026-08-16.xml,https://www.na.ldpdevelopment.co.za/jhb/wp-content/uploads/sites/5/2025/11/2147770870-e1763292893626.jpg,uploads/2025/11/2147770870-e1763292893626.jpg,/home/ubuntu/webdev-static-assets/na-south-africa/2147770870-e1763292893626.jpg
90,120044,narcoticsanonymousjohannesburg.WordPress.2026-08-16.xml,https://www.na.ldpdevelopment.co.za/jhb/wp-content/uploads/sites/5/2025/11/120044.jpg,uploads/sites/2/2025/11/120044.jpg,/home/ubuntu/webdev-static-assets/na-south-africa/120044.jpg
91,2151930388,narcoticsanonymousjohannesburg.WordPress.2026-08-16.xml,https://www.na.ldpdevelopment.co.za/jhb/wp-content/uploads/sites/5/2025/11/2151930388.jpg,uploads/2025/11/2151930388.jpg,/home/ubuntu/webdev-static-assets/na-south-africa/2151930388.jpg
92,banner-wc-001-e1763484626801,narcoticsanonymousjohannesburg.WordPress.2026-08-16.xml,https://www.na.ldpdevelopment.co.za/jhb/wp-content/uploads/sites/5/2025/11/banner-wc-001-e1763484626801.webp,uploads/sites/2/2025/11/banner-wc-001-e1763484626801.webp,/home/ubuntu/webdev-static-assets/na-south-africa/banner-wc-001-e1763484626801.webp
93,29376,narcoticsanonymousjohannesburg.WordPress.2026-08-16.xml,https://www.na.ldpdevelopment.co.za/jhb/wp-content/uploads/sites/5/2025/11/29376.jpg,uploads/2025/11/29376.jpg,/home/ubuntu/webdev-static-assets/na-south-africa/29376.jpg
4782,home-banner,narcoticsanonymousjohannesburg.WordPress.2026-08-16.xml,https://www.na.ldpdevelopment.co.za/jhb/wp-content/uploads/sites/5/2025/11/home-banner.jpg,uploads/sites/3/2025/11/home-banner.jpg,/home/ubuntu/webdev-static-assets/na-south-africa/home-banner.jpg
5008,7173,narcoticsanonymousjohannesburg.WordPress.2026-08-16.xml,https://www.na.ldpdevelopment.co.za/jhb/wp-content/uploads/sites/5/2025/11/7173.jpg,uploads/sites/5/2025/11/7173.jpg,/home/ubuntu/webdev-static-assets/na-south-africa/7173.jpg
5009,na-safety,narcoticsanonymousjohannesburg.WordPress.2026-08-16.xml,https://www.na.ldpdevelopment.co.za/jhb/wp-content/uploads/sites/5/2025/11/na-safety.jpg,uploads/sites/5/2025/11/na-safety.jpg,/home/ubuntu/webdev-static-assets/na-south-africa/na-safety.jpg
5012,96081,narcoticsanonymousjohannesburg.WordPress.2026-08-16.xml,https://www.na.ldpdevelopment.co.za/jhb/wp-content/uploads/sites/5/2025/11/96081.jpg,uploads/2025/11/96081.jpg,/home/ubuntu/webdev-static-assets/na-south-africa/96081.jpg
8729,favicon,narcoticsanonymouskwazulu-natal.WordPress.2026-08-16.xml,https://www.gekkodev2.co.za/kzn/wp-content/uploads/sites/3/2025/11/favicon.png,uploads/2025/11/favicon.png,/home/ubuntu/webdev-static-assets/na-south-africa/favicon.png
8730,cropped-favicon.png,narcoticsanonymouskwazulu-natal.WordPress.2026-08-16.xml,https://www.gekkodev2.co.za/kzn/wp-content/uploads/sites/3/2025/11/cropped-favicon.png,uploads/2025/11/cropped-favicon.png,/home/ubuntu/webdev-static-assets/na-south-africa/cropped-favicon.png
8737,29680,narcoticsanonymouskwazulu-natal.WordPress.2026-08-16.xml,https://www.gekkodev2.co.za/kzn/wp-content/uploads/sites/3/2025/11/29680.jpg,uploads/sites/2/2025/11/29680.jpg,/home/ubuntu/webdev-static-assets/na-south-africa/29680.jpg
8738,129014,narcoticsanonymouskwazulu-natal.WordPress.2026-08-16.xml,https://www.gekkodev2.co.za/kzn/wp-content/uploads/sites/3/2025/11/129014.jpg,uploads/sites/2/2025/11/129014.jpg,/home/ubuntu/webdev-static-assets/na-south-africa/129014.jpg
8739,zapper,narcoticsanonymouskwazulu-natal.WordPress.2026-08-16.xml,https://www.gekkodev2.co.za/kzn/wp-content/uploads/sites/3/2025/11/zapper.png,uploads/sites/2/2025/11/zapper.png,/home/ubuntu/webdev-static-assets/na-south-africa/zapper.png
8740,2150951473,narcoticsanonymouskwazulu-natal.WordPress.2026-08-16.xml,https://www.gekkodev2.co.za/kzn/wp-content/uploads/sites/3/2025/11/2150951473.jpg,uploads/sites/2/2025/11/2150951473.jpg,/home/ubuntu/webdev-static-assets/na-south-africa/2150951473.jpg
8741,559,narcoticsanonymouskwazulu-natal.WordPress.2026-08-16.xml,https://www.gekkodev2.co.za/kzn/wp-content/uploads/sites/3/2025/11/559.jpg,uploads/sites/2/2025/11/559.jpg,/home/ubuntu/webdev-static-assets/na-south-africa/559.jpg
8742,584,narcoticsanonymouskwazulu-natal.WordPress.2026-08-16.xml,https://www.gekkodev2.co.za/kzn/wp-content/uploads/sites/3/2025/11/584.jpg,uploads/sites/2/2025/11/584.jpg,/home/ubuntu/webdev-static-assets/na-south-africa/584.jpg
8743,2733704_12016-scaled-1,narcoticsanonymouskwazulu-natal.WordPress.2026-08-16.xml,https://www.gekkodev2.co.za/kzn/wp-content/uploads/sites/3/2025/11/2733704_12016-scaled-1.jpg,uploads/sites/3/2025/11/2733704_12016-scaled-1.jpg,/home/ubuntu/webdev-static-assets/na-south-africa/2733704_12016-scaled-1.jpg
8744,143021-e1763291423474,narcoticsanonymouskwazulu-natal.WordPress.2026-08-16.xml,https://www.gekkodev2.co.za/kzn/wp-content/uploads/sites/3/2025/11/143021-e1763291423474.jpg,uploads/2025/11/143021-e1763291423474.jpg,/home/ubuntu/webdev-static-assets/na-south-africa/143021-e1763291423474.jpg
8745,2151118274,narcoticsanonymouskwazulu-natal.WordPress.2026-08-16.xml,https://www.gekkodev2.co.za/kzn/wp-content/uploads/sites/3/2025/11/2151118274.jpg,uploads/sites/2/2025/11/2151118274.jpg,/home/ubuntu/webdev-static-assets/na-south-africa/2151118274.jpg
8746,helping-each-other-scaled-1,narcoticsanonymouskwazulu-natal.WordPress.2026-08-16.xml,https://www.gekkodev2.co.za/kzn/wp-content/uploads/sites/3/2025/11/helping-each-other-scaled-1.jpg,uploads/sites/2/2025/11/helping-each-other-scaled-1.jpg,/home/ubuntu/webdev-static-assets/na-south-africa/helping-each-other-scaled-1.jpg
8747,123795,narcoticsanonymouskwazulu-natal.WordPress.2026-08-16.xml,https://www.gekkodev2.co.za/kzn/wp-content/uploads/sites/3/2025/11/123795.jpg,uploads/sites/2/2025/11/123795.jpg,/home/ubuntu/webdev-static-assets/na-south-africa/123795.jpg
8748,2147770870-e1763292893626,narcoticsanonymouskwazulu-natal.WordPress.2026-08-16.xml,https://www.gekkodev2.co.za/kzn/wp-content/uploads/sites/3/2025/11/2147770870-e1763292893626.jpg,uploads/2025/11/2147770870-e1763292893626.jpg,/home/ubuntu/webdev-static-assets/na-south-africa/2147770870-e1763292893626.jpg
8749,120044,narcoticsanonymouskwazulu-natal.WordPress.2026-08-16.xml,https://www.gekkodev2.co.za/kzn/wp-content/uploads/sites/3/2025/11/120044.jpg,uploads/sites/2/2025/11/120044.jpg,/home/ubuntu/webdev-static-assets/na-south-africa/120044.jpg
8750,2151930388,narcoticsanonymouskwazulu-natal.WordPress.2026-08-16.xml,https://www.gekkodev2.co.za/kzn/wp-content/uploads/sites/3/2025/11/2151930388.jpg,uploads/2025/11/2151930388.jpg,/home/ubuntu/webdev-static-assets/na-south-africa/2151930388.jpg
8751,banner-wc-001-e1763484626801,narcoticsanonymouskwazulu-natal.WordPress.2026-08-16.xml,https://www.gekkodev2.co.za/kzn/wp-content/uploads/sites/3/2025/11/banner-wc-001-e1763484626801.webp,uploads/sites/2/2025/11/banner-wc-001-e1763484626801.webp,/home/ubuntu/webdev-static-assets/na-south-africa/banner-wc-001-e1763484626801.webp
8752,29376,narcoticsanonymouskwazulu-natal.WordPress.2026-08-16.xml,https://www.gekkodev2.co.za/kzn/wp-content/uploads/sites/3/2025/11/29376.jpg,uploads/2025/11/29376.jpg,/home/ubuntu/webdev-static-assets/na-south-africa/29376.jpg
8753,home-banner,narcoticsanonymouskwazulu-natal.WordPress.2026-08-16.xml,https://www.gekkodev2.co.za/kzn/wp-content/uploads/sites/3/2025/11/home-banner.jpg,uploads/sites/3/2025/11/home-banner.jpg,/home/ubuntu/webdev-static-assets/na-south-africa/home-banner.jpg
8777,logo,narcoticsanonymouskwazulu-natal.WordPress.2026-08-16.xml,https://www.gekkodev2.co.za/kzn/wp-content/uploads/sites/3/2025/11/logo.png,uploads/2025/11/logo.png,/home/ubuntu/webdev-static-assets/na-south-africa/logo.png
4,favicon,narcoticsanonymouspretoria.WordPress.2026-08-16.xml,https://www.gekkodev2.co.za/pta/wp-content/uploads/sites/4/2025/11/favicon.png,uploads/2025/11/favicon.png,/home/ubuntu/webdev-static-assets/na-south-africa/favicon.png
5,cropped-favicon.png,narcoticsanonymouspretoria.WordPress.2026-08-16.xml,https://www.gekkodev2.co.za/pta/wp-content/uploads/sites/4/2025/11/cropped-favicon.png,uploads/2025/11/cropped-favicon.png,/home/ubuntu/webdev-static-assets/na-south-africa/cropped-favicon.png
6,29680,narcoticsanonymouspretoria.WordPress.2026-08-16.xml,https://www.gekkodev2.co.za/pta/wp-content/uploads/sites/4/2025/11/29680.jpg,uploads/sites/2/2025/11/29680.jpg,/home/ubuntu/webdev-static-assets/na-south-africa/29680.jpg
7,129014,narcoticsanonymouspretoria.WordPress.2026-08-16.xml,https://www.gekkodev2.co.za/pta/wp-content/uploads/sites/4/2025/11/129014.jpg,uploads/sites/2/2025/11/129014.jpg,/home/ubuntu/webdev-static-assets/na-south-africa/129014.jpg
8,zapper,narcoticsanonymouspretoria.WordPress.2026-08-16.xml,https://www.gekkodev2.co.za/pta/wp-content/uploads/sites/4/2025/11/zapper.png,uploads/sites/2/2025/11/zapper.png,/home/ubuntu/webdev-static-assets/na-south-africa/zapper.png
9,2150951473,narcoticsanonymouspretoria.WordPress.2026-08-16.xml,https://www.gekkodev2.co.za/pta/wp-content/uploads/sites/4/2025/11/2150951473.jpg,uploads/sites/2/2025/11/2150951473.jpg,/home/ubuntu/webdev-static-assets/na-south-africa/2150951473.jpg
10,559,narcoticsanonymouspretoria.WordPress.2026-08-16.xml,https://www.gekkodev2.co.za/pta/wp-content/uploads/sites/4/2025/11/559.jpg,uploads/sites/2/2025/11/559.jpg,/home/ubuntu/webdev-static-assets/na-south-africa/559.jpg
11,584,narcoticsanonymouspretoria.WordPress.2026-08-16.xml,https://www.gekkodev2.co.za/pta/wp-content/uploads/sites/4/2025/11/584.jpg,uploads/sites/2/2025/11/584.jpg,/home/ubuntu/webdev-static-assets/na-south-africa/584.jpg
12,2733704_12016-scaled-1,narcoticsanonymouspretoria.WordPress.2026-08-16.xml,https://www.gekkodev2.co.za/pta/wp-content/uploads/sites/4/2025/11/2733704_12016-scaled-1.jpg,uploads/sites/3/2025/11/2733704_12016-scaled-1.jpg,/home/ubuntu/webdev-static-assets/na-south-africa/2733704_12016-scaled-1.jpg
13,143021-e1763291423474,narcoticsanonymouspretoria.WordPress.2026-08-16.xml,https://www.gekkodev2.co.za/pta/wp-content/uploads/sites/4/2025/11/143021-e1763291423474.jpg,uploads/2025/11/143021-e1763291423474.jpg,/home/ubuntu/webdev-static-assets/na-south-africa/143021-e1763291423474.jpg
14,2151118274,narcoticsanonymouspretoria.WordPress.2026-08-16.xml,https://www.gekkodev2.co.za/pta/wp-content/uploads/sites/4/2025/11/2151118274.jpg,uploads/sites/2/2025/11/2151118274.jpg,/home/ubuntu/webdev-static-assets/na-south-africa/2151118274.jpg
15,helping-each-other-scaled-1,narcoticsanonymouspretoria.WordPress.2026-08-16.xml,https://www.gekkodev2.co.za/pta/wp-content/uploads/sites/4/2025/11/helping-each-other-scaled-1.jpg,uploads/sites/2/2025/11/helping-each-other-scaled-1.jpg,/home/ubuntu/webdev-static-assets/na-south-africa/helping-each-other-scaled-1.jpg
16,123795,narcoticsanonymouspretoria.WordPress.2026-08-16.xml,https://www.gekkodev2.co.za/pta/wp-content/uploads/sites/4/2025/11/123795.jpg,uploads/sites/2/2025/11/123795.jpg,/home/ubuntu/webdev-static-assets/na-south-africa/123795.jpg
17,2147770870-e1763292893626,narcoticsanonymouspretoria.WordPress.2026-08-16.xml,https://www.gekkodev2.co.za/pta/wp-content/uploads/sites/4/2025/11/2147770870-e1763292893626.jpg,uploads/2025/11/2147770870-e1763292893626.jpg,/home/ubuntu/webdev-static-assets/na-south-africa/2147770870-e1763292893626.jpg
18,120044,narcoticsanonymouspretoria.WordPress.2026-08-16.xml,https://www.gekkodev2.co.za/pta/wp-content/uploads/sites/4/2025/11/120044.jpg,uploads/sites/2/2025/11/120044.jpg,/home/ubuntu/webdev-static-assets/na-south-africa/120044.jpg
19,2151930388,narcoticsanonymouspretoria.WordPress.2026-08-16.xml,https://www.gekkodev2.co.za/pta/wp-content/uploads/sites/4/2025/11/2151930388.jpg,uploads/2025/11/2151930388.jpg,/home/ubuntu/webdev-static-assets/na-south-africa/2151930388.jpg
20,banner-wc-001-e1763484626801,narcoticsanonymouspretoria.WordPress.2026-08-16.xml,https://www.gekkodev2.co.za/pta/wp-content/uploads/sites/4/2025/11/banner-wc-001-e1763484626801.webp,uploads/sites/2/2025/11/banner-wc-001-e1763484626801.webp,/home/ubuntu/webdev-static-assets/na-south-africa/banner-wc-001-e1763484626801.webp
21,29376,narcoticsanonymouspretoria.WordPress.2026-08-16.xml,https://www.gekkodev2.co.za/pta/wp-content/uploads/sites/4/2025/11/29376.jpg,uploads/2025/11/29376.jpg,/home/ubuntu/webdev-static-assets/na-south-africa/29376.jpg
4797,home-banner,narcoticsanonymouspretoria.WordPress.2026-08-16.xml,https://www.gekkodev2.co.za/pta/wp-content/uploads/sites/4/2025/11/home-banner.jpg,uploads/sites/3/2025/11/home-banner.jpg,/home/ubuntu/webdev-static-assets/na-south-africa/home-banner.jpg
4803,logo,narcoticsanonymouspretoria.WordPress.2026-08-16.xml,https://www.gekkodev2.co.za/pta/wp-content/uploads/sites/4/2025/11/logo.png,uploads/2025/11/logo.png,/home/ubuntu/webdev-static-assets/na-south-africa/logo.png
4915,19692,narcoticsanonymouspretoria.WordPress.2026-08-16.xml,https://www.gekkodev2.co.za/pta/wp-content/uploads/sites/4/2025/11/19692.jpg,uploads/2025/11/19692.jpg,/home/ubuntu/webdev-static-assets/na-south-africa/19692.jpg
4917,NA-Keytag-Welcome,narcoticsanonymouspretoria.WordPress.2026-08-16.xml,https://www.gekkodev2.co.za/pta/wp-content/uploads/sites/4/2025/11/NA-Keytag-Welcome.jpeg,uploads/sites/4/2025/11/NA-Keytag-Welcome.jpeg,/home/ubuntu/webdev-static-assets/na-south-africa/NA-Keytag-Welcome.jpeg
5033,WhatsApp Image 2026-02-23 at 14.43.50,narcoticsanonymouspretoria.WordPress.2026-08-16.xml,https://na.org.za/pta/wp-content/uploads/sites/4/2026/02/WhatsApp-Image-2026-02-23-at-14.43.50.jpeg,uploads/sites/4/2026/02/WhatsApp-Image-2026-02-23-at-14.43.50.jpeg,/home/ubuntu/webdev-static-assets/na-south-africa/WhatsApp-Image-2026-02-23-at-14.43.50.jpeg
19,96081,narcoticsanonymoussouthafricaregion.WordPress.2026-08-16.xml,https://www.gekkodev2.co.za/wp-content/uploads/2025/11/96081.jpg,uploads/2025/11/96081.jpg,/home/ubuntu/webdev-static-assets/na-south-africa/96081.jpg
20,29376,narcoticsanonymoussouthafricaregion.WordPress.2026-08-16.xml,https://www.gekkodev2.co.za/wp-content/uploads/2025/11/29376.jpg,uploads/2025/11/29376.jpg,/home/ubuntu/webdev-static-assets/na-south-africa/29376.jpg
24,logo,narcoticsanonymoussouthafricaregion.WordPress.2026-08-16.xml,https://www.gekkodev2.co.za/wp-content/uploads/2025/11/logo.png,uploads/2025/11/logo.png,/home/ubuntu/webdev-static-assets/na-south-africa/logo.png
28,na-site-logo,narcoticsanonymoussouthafricaregion.WordPress.2026-08-16.xml,https://www.gekkodev2.co.za/wp-content/uploads/2025/11/na-site-logo.webp,uploads/2025/11/na-site-logo.webp,/home/ubuntu/webdev-static-assets/na-south-africa/na-site-logo.webp
743,women-s-day-celebration-with-flower,narcoticsanonymoussouthafricaregion.WordPress.2026-08-16.xml,https://www.gekkodev2.co.za/wp-content/uploads/2025/11/women-s-day-celebration-with-flower.jpg,uploads/2025/11/women-s-day-celebration-with-flower.jpg,/home/ubuntu/webdev-static-assets/na-south-africa/women-s-day-celebration-with-flower.jpg
763,2151930384,narcoticsanonymoussouthafricaregion.WordPress.2026-08-16.xml,https://www.gekkodev2.co.za/wp-content/uploads/2025/11/2151930384.jpg,uploads/2025/11/2151930384.jpg,/home/ubuntu/webdev-static-assets/na-south-africa/2151930384.jpg
769,2151930388,narcoticsanonymoussouthafricaregion.WordPress.2026-08-16.xml,https://www.gekkodev2.co.za/wp-content/uploads/2025/11/2151930388.jpg,uploads/2025/11/2151930388.jpg,/home/ubuntu/webdev-static-assets/na-south-africa/2151930388.jpg
774,helping-each-other,narcoticsanonymoussouthafricaregion.WordPress.2026-08-16.xml,https://www.gekkodev2.co.za/wp-content/uploads/2025/11/helping-each-other.jpg,uploads/2025/11/helping-each-other.jpg,/home/ubuntu/webdev-static-assets/na-south-africa/helping-each-other.jpg
787,2148398371,narcoticsanonymoussouthafricaregion.WordPress.2026-08-16.xml,https://www.gekkodev2.co.za/wp-content/uploads/2025/11/2148398371.jpg,uploads/2025/11/2148398371.jpg,/home/ubuntu/webdev-static-assets/na-south-africa/2148398371.jpg
791,143021,narcoticsanonymoussouthafricaregion.WordPress.2026-08-16.xml,https://www.gekkodev2.co.za/wp-content/uploads/2025/11/143021.jpg,uploads/2025/11/143021.jpg,/home/ubuntu/webdev-static-assets/na-south-africa/143021.jpg
810,2147770870,narcoticsanonymoussouthafricaregion.WordPress.2026-08-16.xml,https://www.gekkodev2.co.za/wp-content/uploads/2025/11/2147770870.jpg,uploads/2025/11/2147770870.jpg,/home/ubuntu/webdev-static-assets/na-south-africa/2147770870.jpg
820,2148938724,narcoticsanonymoussouthafricaregion.WordPress.2026-08-16.xml,https://www.gekkodev2.co.za/wp-content/uploads/2025/11/2148938724.jpg,uploads/2025/11/2148938724.jpg,/home/ubuntu/webdev-static-assets/na-south-africa/2148938724.jpg
826,2148101442,narcoticsanonymoussouthafricaregion.WordPress.2026-08-16.xml,https://www.gekkodev2.co.za/wp-content/uploads/2025/11/2148101442.jpg,uploads/2025/11/2148101442.jpg,/home/ubuntu/webdev-static-assets/na-south-africa/2148101442.jpg
829,2148101442,narcoticsanonymoussouthafricaregion.WordPress.2026-08-16.xml,https://www.gekkodev2.co.za/wp-content/uploads/2025/11/2148101442-1.jpg,uploads/2025/11/2148101442-1.jpg,/home/ubuntu/webdev-static-assets/na-south-africa/2148101442-1.jpg
831,2148101442,narcoticsanonymoussouthafricaregion.WordPress.2026-08-16.xml,https://www.gekkodev2.co.za/wp-content/uploads/2025/11/2148101442-2.jpg,uploads/2025/11/2148101442-2.jpg,/home/ubuntu/webdev-static-assets/na-south-africa/2148101442-2.jpg
833,19692,narcoticsanonymoussouthafricaregion.WordPress.2026-08-16.xml,https://www.gekkodev2.co.za/wp-content/uploads/2025/11/19692.jpg,uploads/2025/11/19692.jpg,/home/ubuntu/webdev-static-assets/na-south-africa/19692.jpg
851,favicon,narcoticsanonymoussouthafricaregion.WordPress.2026-08-16.xml,https://www.gekkodev2.co.za/wp-content/uploads/2025/11/favicon.png,uploads/2025/11/favicon.png,/home/ubuntu/webdev-static-assets/na-south-africa/favicon.png
852,cropped-favicon.png,narcoticsanonymoussouthafricaregion.WordPress.2026-08-16.xml,https://www.gekkodev2.co.za/wp-content/uploads/2025/11/cropped-favicon.png,uploads/2025/11/cropped-favicon.png,/home/ubuntu/webdev-static-assets/na-south-africa/cropped-favicon.png
1454,woocommerce-placeholder,narcoticsanonymoussouthafricaregion.WordPress.2026-08-16.xml,https://www.gekkodev2.co.za/wp-content/uploads/2025/11/woocommerce-placeholder.webp,uploads/woocommerce-placeholder.webp,/home/ubuntu/webdev-static-assets/na-south-africa/woocommerce-placeholder.webp
127,2148938724-e1763294084270,narcoticsanonymouswesterncape.WordPress.2026-08-16.xml,https://www.gekkodev2.co.za/wc/wp-content/uploads/sites/2/2025/11/2148938724-e1763294084270.jpg,uploads/2025/11/2148938724-e1763294084270.jpg,/home/ubuntu/webdev-static-assets/na-south-africa/2148938724-e1763294084270.jpg
128,2147770870-e1763292893626,narcoticsanonymouswesterncape.WordPress.2026-08-16.xml,https://www.gekkodev2.co.za/wc/wp-content/uploads/sites/2/2025/11/2147770870-e1763292893626.jpg,uploads/2025/11/2147770870-e1763292893626.jpg,/home/ubuntu/webdev-static-assets/na-south-africa/2147770870-e1763292893626.jpg
129,2148101442-1-e1763294562253,narcoticsanonymouswesterncape.WordPress.2026-08-16.xml,https://www.gekkodev2.co.za/wc/wp-content/uploads/sites/2/2025/11/2148101442-1-e1763294562253.jpg,uploads/2025/11/2148101442-1-e1763294562253.jpg,/home/ubuntu/webdev-static-assets/na-south-africa/2148101442-1-e1763294562253.jpg
130,143021-e1763291423474,narcoticsanonymouswesterncape.WordPress.2026-08-16.xml,https://www.gekkodev2.co.za/wc/wp-content/uploads/sites/2/2025/11/143021-e1763291423474.jpg,uploads/2025/11/143021-e1763291423474.jpg,/home/ubuntu/webdev-static-assets/na-south-africa/143021-e1763291423474.jpg
131,helping-each-other-scaled-1,narcoticsanonymouswesterncape.WordPress.2026-08-16.xml,https://www.gekkodev2.co.za/wc/wp-content/uploads/sites/2/2025/11/helping-each-other-scaled-1.jpg,uploads/sites/2/2025/11/helping-each-other-scaled-1.jpg,/home/ubuntu/webdev-static-assets/na-south-africa/helping-each-other-scaled-1.jpg
132,19692-e1763294820786,narcoticsanonymouswesterncape.WordPress.2026-08-16.xml,https://www.gekkodev2.co.za/wc/wp-content/uploads/sites/2/2025/11/19692-e1763294820786.jpg,uploads/2025/11/19692-e1763294820786.jpg,/home/ubuntu/webdev-static-assets/na-south-africa/19692-e1763294820786.jpg
133,2151930384,narcoticsanonymouswesterncape.WordPress.2026-08-16.xml,https://www.gekkodev2.co.za/wc/wp-content/uploads/sites/2/2025/11/2151930384.jpg,uploads/2025/11/2151930384.jpg,/home/ubuntu/webdev-static-assets/na-south-africa/2151930384.jpg
134,2151930388,narcoticsanonymouswesterncape.WordPress.2026-08-16.xml,https://www.gekkodev2.co.za/wc/wp-content/uploads/sites/2/2025/11/2151930388.jpg,uploads/2025/11/2151930388.jpg,/home/ubuntu/webdev-static-assets/na-south-africa/2151930388.jpg
135,96081,narcoticsanonymouswesterncape.WordPress.2026-08-16.xml,https://www.gekkodev2.co.za/wc/wp-content/uploads/sites/2/2025/11/96081.jpg,uploads/2025/11/96081.jpg,/home/ubuntu/webdev-static-assets/na-south-africa/96081.jpg
136,29376,narcoticsanonymouswesterncape.WordPress.2026-08-16.xml,https://www.gekkodev2.co.za/wc/wp-content/uploads/sites/2/2025/11/29376.jpg,uploads/2025/11/29376.jpg,/home/ubuntu/webdev-static-assets/na-south-africa/29376.jpg
895,Google-Forms-Logo,narcoticsanonymouswesterncape.WordPress.2026-08-16.xml,https://www.gekkodev2.co.za/wc/wp-content/uploads/sites/2/2025/11/Google-Forms-Logo.png,uploads/sites/2/2025/11/Google-Forms-Logo.png,/home/ubuntu/webdev-static-assets/na-south-africa/Google-Forms-Logo.png
915,favicon,narcoticsanonymouswesterncape.WordPress.2026-08-16.xml,https://www.gekkodev2.co.za/wc/wp-content/uploads/sites/2/2025/11/favicon.png,uploads/2025/11/favicon.png,/home/ubuntu/webdev-static-assets/na-south-africa/favicon.png
916,cropped-favicon.png,narcoticsanonymouswesterncape.WordPress.2026-08-16.xml,https://www.gekkodev2.co.za/wc/wp-content/uploads/sites/2/2025/11/cropped-favicon.png,uploads/2025/11/cropped-favicon.png,/home/ubuntu/webdev-static-assets/na-south-africa/cropped-favicon.png
1628,logo,narcoticsanonymouswesterncape.WordPress.2026-08-16.xml,https://www.gekkodev2.co.za/wc/wp-content/uploads/sites/2/2025/11/logo.png,uploads/2025/11/logo.png,/home/ubuntu/webdev-static-assets/na-south-africa/logo.png
1638,banner-wc-001,narcoticsanonymouswesterncape.WordPress.2026-08-16.xml,https://www.gekkodev2.co.za/wc/wp-content/uploads/sites/2/2025/11/banner-wc-001.webp,uploads/sites/2/2025/11/banner-wc-001.webp,/home/ubuntu/webdev-static-assets/na-south-africa/banner-wc-001.webp
4601,559,narcoticsanonymouswesterncape.WordPress.2026-08-16.xml,https://www.gekkodev2.co.za/wc/wp-content/uploads/sites/2/2025/11/559.jpg,uploads/sites/2/2025/11/559.jpg,/home/ubuntu/webdev-static-assets/na-south-africa/559.jpg
4608,584,narcoticsanonymouswesterncape.WordPress.2026-08-16.xml,https://www.gekkodev2.co.za/wc/wp-content/uploads/sites/2/2025/11/584.jpg,uploads/sites/2/2025/11/584.jpg,/home/ubuntu/webdev-static-assets/na-south-africa/584.jpg
4619,woocommerce-placeholder,narcoticsanonymouswesterncape.WordPress.2026-08-16.xml,https://www.gekkodev2.co.za/wc/wp-content/uploads/sites/2/2025/11/woocommerce-placeholder.webp,uploads/woocommerce-placeholder.webp,/home/ubuntu/webdev-static-assets/na-south-africa/woocommerce-placeholder.webp
4647,119749,narcoticsanonymouswesterncape.WordPress.2026-08-16.xml,https://www.gekkodev2.co.za/wc/wp-content/uploads/sites/2/2025/11/119749.jpg,uploads/sites/2/2025/11/119749.jpg,/home/ubuntu/webdev-static-assets/na-south-africa/119749.jpg
4663,120044,narcoticsanonymouswesterncape.WordPress.2026-08-16.xml,https://www.gekkodev2.co.za/wc/wp-content/uploads/sites/2/2025/11/120044.jpg,uploads/sites/2/2025/11/120044.jpg,/home/ubuntu/webdev-static-assets/na-south-africa/120044.jpg
4670,2151118274,narcoticsanonymouswesterncape.WordPress.2026-08-16.xml,https://www.gekkodev2.co.za/wc/wp-content/uploads/sites/2/2025/11/2151118274.jpg,uploads/sites/2/2025/11/2151118274.jpg,/home/ubuntu/webdev-static-assets/na-south-africa/2151118274.jpg
4681,people-taking-part-high-protocol-event,narcoticsanonymouswesterncape.WordPress.2026-08-16.xml,https://www.gekkodev2.co.za/wc/wp-content/uploads/sites/2/2025/11/people-taking-part-high-protocol-event.jpg,uploads/sites/2/2025/11/people-taking-part-high-protocol-event.jpg,/home/ubuntu/webdev-static-assets/na-south-africa/people-taking-part-high-protocol-event.jpg
4698,People carryng speech bubble icons,narcoticsanonymouswesterncape.WordPress.2026-08-16.xml,https://www.gekkodev2.co.za/wc/wp-content/uploads/sites/2/2025/11/2733704_12016.jpg,uploads/sites/2/2025/11/2733704_12016.jpg,/home/ubuntu/webdev-static-assets/na-south-africa/2733704_12016.jpg
4705,2149035698,narcoticsanonymouswesterncape.WordPress.2026-08-16.xml,https://www.gekkodev2.co.za/wc/wp-content/uploads/sites/2/2025/11/2149035698.jpg,uploads/sites/2/2025/11/2149035698.jpg,/home/ubuntu/webdev-static-assets/na-south-africa/2149035698.jpg
4711,129014,narcoticsanonymouswesterncape.WordPress.2026-08-16.xml,https://www.gekkodev2.co.za/wc/wp-content/uploads/sites/2/2025/11/129014.jpg,uploads/sites/2/2025/11/129014.jpg,/home/ubuntu/webdev-static-assets/na-south-africa/129014.jpg
4712,zapper,narcoticsanonymouswesterncape.WordPress.2026-08-16.xml,https://www.gekkodev2.co.za/wc/wp-content/uploads/sites/2/2025/11/zapper.png,uploads/sites/2/2025/11/zapper.png,/home/ubuntu/webdev-static-assets/na-south-africa/zapper.png
4718,6914,narcoticsanonymouswesterncape.WordPress.2026-08-16.xml,https://www.gekkodev2.co.za/wc/wp-content/uploads/sites/2/2025/11/6914.jpg,uploads/sites/2/2025/11/6914.jpg,/home/ubuntu/webdev-static-assets/na-south-africa/6914.jpg
4725,2149758877,narcoticsanonymouswesterncape.WordPress.2026-08-16.xml,https://www.gekkodev2.co.za/wc/wp-content/uploads/sites/2/2025/11/2149758877.jpg,uploads/sites/2/2025/11/2149758877.jpg,/home/ubuntu/webdev-static-assets/na-south-africa/2149758877.jpg
4731,123795,narcoticsanonymouswesterncape.WordPress.2026-08-16.xml,https://www.gekkodev2.co.za/wc/wp-content/uploads/sites/2/2025/11/123795.jpg,uploads/sites/2/2025/11/123795.jpg,/home/ubuntu/webdev-static-assets/na-south-africa/123795.jpg
4738,29680,narcoticsanonymouswesterncape.WordPress.2026-08-16.xml,https://www.gekkodev2.co.za/wc/wp-content/uploads/sites/2/2025/11/29680.jpg,uploads/sites/2/2025/11/29680.jpg,/home/ubuntu/webdev-static-assets/na-south-africa/29680.jpg
4744,2150951473,narcoticsanonymouswesterncape.WordPress.2026-08-16.xml,https://www.gekkodev2.co.za/wc/wp-content/uploads/sites/2/2025/11/2150951473.jpg,uploads/sites/2/2025/11/2150951473.jpg,/home/ubuntu/webdev-static-assets/na-south-africa/2150951473.jpg
4860,high-angle-arrangement-with-speech-bubbles,narcoticsanonymouswesterncape.WordPress.2026-08-16.xml,https://www.gekkodev2.co.za/wc/wp-content/uploads/sites/2/2026/01/high-angle-arrangement-with-speech-bubbles.jpg,uploads/sites/2/2026/01/high-angle-arrangement-with-speech-bubbles.jpg,/home/ubuntu/webdev-static-assets/na-south-africa/high-angle-arrangement-with-speech-bubbles.jpg
5394,2306_PRMAT_2023,narcoticsanonymouswesterncape.WordPress.2026-08-16.xml,https://na.org.za/wc/wp-content/uploads/sites/2/2026/04/2306_PRMAT_2023.pdf,uploads/sites/2/2026/04/2306_PRMAT_2023.pdf,/home/ubuntu/webdev-static-assets/na-south-africa/2306_PRMAT_2023.pdf
5395,3130_MHR-IP-30-English,narcoticsanonymouswesterncape.WordPress.2026-08-16.xml,https://na.org.za/wc/wp-content/uploads/sites/2/2026/04/3130_MHR-IP-30-English.pdf,uploads/sites/2/2026/04/3130_MHR-IP-30-English.pdf,/home/ubuntu/webdev-static-assets/na-south-africa/3130_MHR-IP-30-English.pdf
5396,Bulletin-29-Regarding-Methadone-and-other-Drug-Replacement-Programs,narcoticsanonymouswesterncape.WordPress.2026-08-16.xml,https://na.org.za/wc/wp-content/uploads/sites/2/2026/04/Bulletin-29-Regarding-Methadone-and-other-Drug-Replacement-Programs.pdf,uploads/sites/2/2026/04/Bulletin-29-Regarding-Methadone-and-other-Drug-Replacement-Programs.pdf,/home/ubuntu/webdev-static-assets/na-south-africa/Bulletin-29-Regarding-Methadone-and-other-Drug-Replacement-Programs.pdf
5397,EN2205-NA-Groups-and-MEdication-English,narcoticsanonymouswesterncape.WordPress.2026-08-16.xml,https://na.org.za/wc/wp-content/uploads/sites/2/2026/04/EN2205-NA-Groups-and-MEdication-English.pdf,uploads/sites/2/2026/04/EN2205-NA-Groups-and-MEdication-English.pdf,/home/ubuntu/webdev-static-assets/na-south-africa/EN2205-NA-Groups-and-MEdication-English.pdf
5398,In-Times-of-Illness-English,narcoticsanonymouswesterncape.WordPress.2026-08-16.xml,https://na.org.za/wc/wp-content/uploads/sites/2/2026/04/In-Times-of-Illness-English.pdf,uploads/sites/2/2026/04/In-Times-of-Illness-English.pdf,/home/ubuntu/webdev-static-assets/na-south-africa/In-Times-of-Illness-English.pdf
5399,IP-1-Who-What-How-and-Why,narcoticsanonymouswesterncape.WordPress.2026-08-16.xml,https://na.org.za/wc/wp-content/uploads/sites/2/2026/04/IP-1-Who-What-How-and-Why.pdf,uploads/sites/2/2026/04/IP-1-Who-What-How-and-Why.pdf,/home/ubuntu/webdev-static-assets/na-south-africa/IP-1-Who-What-How-and-Why.pdf
5400,IP-2-The-Group,narcoticsanonymouswesterncape.WordPress.2026-08-16.xml,https://na.org.za/wc/wp-content/uploads/sites/2/2026/04/IP-2-The-Group.pdf,uploads/sites/2/2026/04/IP-2-The-Group.pdf,/home/ubuntu/webdev-static-assets/na-south-africa/IP-2-The-Group.pdf
5401,IP-5-Another-Look,narcoticsanonymouswesterncape.WordPress.2026-08-16.xml,https://na.org.za/wc/wp-content/uploads/sites/2/2026/04/IP-5-Another-Look.pdf,uploads/sites/2/2026/04/IP-5-Another-Look.pdf,/home/ubuntu/webdev-static-assets/na-south-africa/IP-5-Another-Look.pdf
4851,istockphoto-1220573371-612x612,narcoticsanonymouswesterncape.WordPress.2026-08-16.xml,https://www.gekkodev2.co.za/wc/wp-content/uploads/sites/2/2026/01/istockphoto-1220573371-612x612-1.jpg,uploads/sites/2/2026/01/istockphoto-1220573371-612x612-1.jpg,/home/ubuntu/webdev-static-assets/na-south-africa/istockphoto-1220573371-612x612-1.jpg
5402,IP-6-Recovery-Relapse,narcoticsanonymouswesterncape.WordPress.2026-08-16.xml,https://na.org.za/wc/wp-content/uploads/sites/2/2026/04/IP-6-Recovery-Relapse.pdf,uploads/sites/2/2026/04/IP-6-Recovery-Relapse.pdf,/home/ubuntu/webdev-static-assets/na-south-africa/IP-6-Recovery-Relapse.pdf
5403,IP-7-Am-I-an-Addict,narcoticsanonymouswesterncape.WordPress.2026-08-16.xml,https://na.org.za/wc/wp-content/uploads/sites/2/2026/04/IP-7-Am-I-an-Addict.pdf,uploads/sites/2/2026/04/IP-7-Am-I-an-Addict.pdf,/home/ubuntu/webdev-static-assets/na-south-africa/IP-7-Am-I-an-Addict.pdf
5404,IP-8-Just-for-Today,narcoticsanonymouswesterncape.WordPress.2026-08-16.xml,https://na.org.za/wc/wp-content/uploads/sites/2/2026/04/IP-8-Just-for-Today.pdf,uploads/sites/2/2026/04/IP-8-Just-for-Today.pdf,/home/ubuntu/webdev-static-assets/na-south-africa/IP-8-Just-for-Today.pdf
5405,IP-9-Living-the-Program,narcoticsanonymouswesterncape.WordPress.2026-08-16.xml,https://na.org.za/wc/wp-content/uploads/sites/2/2026/04/IP-9-Living-the-Program.pdf,uploads/sites/2/2026/04/IP-9-Living-the-Program.pdf,/home/ubuntu/webdev-static-assets/na-south-africa/IP-9-Living-the-Program.pdf
5406,IP-11-Sponsorship,narcoticsanonymouswesterncape.WordPress.2026-08-16.xml,https://na.org.za/wc/wp-content/uploads/sites/2/2026/04/IP-11-Sponsorship.pdf,uploads/sites/2/2026/04/IP-11-Sponsorship.pdf,/home/ubuntu/webdev-static-assets/na-south-africa/IP-11-Sponsorship.pdf
5407,IP-12-The-Triangle-of-Self-Obsession,narcoticsanonymouswesterncape.WordPress.2026-08-16.xml,https://na.org.za/wc/wp-content/uploads/sites/2/2026/04/IP-12-The-Triangle-of-Self-Obsession.pdf,uploads/sites/2/2026/04/IP-12-The-Triangle-of-Self-Obsession.pdf,/home/ubuntu/webdev-static-assets/na-south-africa/IP-12-The-Triangle-of-Self-Obsession.pdf
5408,IP-14-One-Addicts-Experience...,narcoticsanonymouswesterncape.WordPress.2026-08-16.xml,https://na.org.za/wc/wp-content/uploads/sites/2/2026/04/IP-14-One-Addicts-Experience.pdf,uploads/sites/2/2026/04/IP-14-One-Addicts-Experience.pdf,/home/ubuntu/webdev-static-assets/na-south-africa/IP-14-One-Addicts-Experience.pdf
5409,IP-15-PI-and-the-NA-Member,narcoticsanonymouswesterncape.WordPress.2026-08-16.xml,https://na.org.za/wc/wp-content/uploads/sites/2/2026/04/IP-15-PI-and-the-NA-Member.pdf,uploads/sites/2/2026/04/IP-15-PI-and-the-NA-Member.pdf,/home/ubuntu/webdev-static-assets/na-south-africa/IP-15-PI-and-the-NA-Member.pdf
5410,IP-16-For-the-Newcomer,narcoticsanonymouswesterncape.WordPress.2026-08-16.xml,https://na.org.za/wc/wp-content/uploads/sites/2/2026/04/IP-16-For-the-Newcomer.pdf,uploads/sites/2/2026/04/IP-16-For-the-Newcomer.pdf,/home/ubuntu/webdev-static-assets/na-south-africa/IP-16-For-the-Newcomer.pdf
5411,IP-17-For-Those-in-Treatment,narcoticsanonymouswesterncape.WordPress.2026-08-16.xml,https://na.org.za/wc/wp-content/uploads/sites/2/2026/04/IP-17-For-Those-in-Treatment.pdf,uploads/sites/2/2026/04/IP-17-For-Those-in-Treatment.pdf,/home/ubuntu/webdev-static-assets/na-south-africa/IP-17-For-Those-in-Treatment.pdf
5412,IP-19-Self-Acceptance,narcoticsanonymouswesterncape.WordPress.2026-08-16.xml,https://na.org.za/wc/wp-content/uploads/sites/2/2026/04/IP-19-Self-Acceptance.pdf,uploads/sites/2/2026/04/IP-19-Self-Acceptance.pdf,/home/ubuntu/webdev-static-assets/na-south-africa/IP-19-Self-Acceptance.pdf
5413,IP-20-HI-Service-the-NA-Member,narcoticsanonymouswesterncape.WordPress.2026-08-16.xml,https://na.org.za/wc/wp-content/uploads/sites/2/2026/04/IP-20-HI-Service-the-NA-Member.pdf,uploads/sites/2/2026/04/IP-20-HI-Service-the-NA-Member.pdf,/home/ubuntu/webdev-static-assets/na-south-africa/IP-20-HI-Service-the-NA-Member.pdf
5414,IP-21-The-Loner-Staying-Clean-in-Isolation,narcoticsanonymouswesterncape.WordPress.2026-08-16.xml,https://na.org.za/wc/wp-content/uploads/sites/2/2026/04/IP-21-The-Loner-Staying-Clean-in-Isolation.pdf,uploads/sites/2/2026/04/IP-21-The-Loner-Staying-Clean-in-Isolation.pdf,/home/ubuntu/webdev-static-assets/na-south-africa/IP-21-The-Loner-Staying-Clean-in-Isolation.pdf
5415,IP-22-Welcome-to-NA,narcoticsanonymouswesterncape.WordPress.2026-08-16.xml,https://na.org.za/wc/wp-content/uploads/sites/2/2026/04/IP-22-Welcome-to-NA.pdf,uploads/sites/2/2026/04/IP-22-Welcome-to-NA.pdf,/home/ubuntu/webdev-static-assets/na-south-africa/IP-22-Welcome-to-NA.pdf
5416,IP-23-Staying-Clean-on-the-Outside,narcoticsanonymouswesterncape.WordPress.2026-08-16.xml,https://na.org.za/wc/wp-content/uploads/sites/2/2026/04/IP-23-Staying-Clean-on-the-Outside.pdf,uploads/sites/2/2026/04/IP-23-Staying-Clean-on-the-Outside.pdf,/home/ubuntu/webdev-static-assets/na-south-africa/IP-23-Staying-Clean-on-the-Outside.pdf
5417,IP-24-Money-Matters-Self-Support-in-NA,narcoticsanonymouswesterncape.WordPress.2026-08-16.xml,https://na.org.za/wc/wp-content/uploads/sites/2/2026/04/IP-24-Money-Matters-Self-Support-in-NA.pdf,uploads/sites/2/2026/04/IP-24-Money-Matters-Self-Support-in-NA.pdf,/home/ubuntu/webdev-static-assets/na-south-africa/IP-24-Money-Matters-Self-Support-in-NA.pdf
5418,IP-26-Accessibility-for-Those-with-Additional-Needs,narcoticsanonymouswesterncape.WordPress.2026-08-16.xml,https://na.org.za/wc/wp-content/uploads/sites/2/2026/04/IP-26-Accessibility-for-Those-with-Additional-Needs.pdf,uploads/sites/2/2026/04/IP-26-Accessibility-for-Those-with-Additional-Needs.pdf,/home/ubuntu/webdev-static-assets/na-south-africa/IP-26-Accessibility-for-Those-with-Additional-Needs.pdf
5419,IP-28-Funding-NA-Services,narcoticsanonymouswesterncape.WordPress.2026-08-16.xml,https://na.org.za/wc/wp-content/uploads/sites/2/2026/04/IP-28-Funding-NA-Services.pdf,uploads/sites/2/2026/04/IP-28-Funding-NA-Services.pdf,/home/ubuntu/webdev-static-assets/na-south-africa/IP-28-Funding-NA-Services.pdf
5420,IP-29-Introduction-to-NA-Meetings,narcoticsanonymouswesterncape.WordPress.2026-08-16.xml,https://na.org.za/wc/wp-content/uploads/sites/2/2026/04/IP-29-Introduction-to-NA-Meetings.pdf,uploads/sites/2/2026/04/IP-29-Introduction-to-NA-Meetings.pdf,/home/ubuntu/webdev-static-assets/na-south-africa/IP-29-Introduction-to-NA-Meetings.pdf
4895,Screenshot 2026-02-02 at 11.03.17,narcoticsanonymouswesterncape.WordPress.2026-08-16.xml,https://www.gekkodev2.co.za/wc/wp-content/uploads/sites/2/2026/02/Screenshot-2026-02-02-at-11.03.17.png,uploads/sites/2/2026/02/Screenshot-2026-02-02-at-11.03.17.png,/home/ubuntu/webdev-static-assets/na-south-africa/Screenshot-2026-02-02-at-11.03.17.png
5286,WhatsApp Image 2026-02-22 at 13.47.26,narcoticsanonymouswesterncape.WordPress.2026-08-16.xml,https://na.org.za/wc/wp-content/uploads/sites/2/2026/02/WhatsApp-Image-2026-02-22-at-13.47.26.jpeg,uploads/sites/2/2026/02/WhatsApp-Image-2026-02-22-at-13.47.26.jpeg,/home/ubuntu/webdev-static-assets/na-south-africa/WhatsApp-Image-2026-02-22-at-13.47.26.jpeg
5321,WhatsApp Image 2026-03-12 at 11.24.54,narcoticsanonymouswesterncape.WordPress.2026-08-16.xml,https://na.org.za/wc/wp-content/uploads/sites/2/2026/03/WhatsApp-Image-2026-03-12-at-11.24.54.jpeg,uploads/sites/2/2026/03/WhatsApp-Image-2026-03-12-at-11.24.54.jpeg,/home/ubuntu/webdev-static-assets/na-south-africa/WhatsApp-Image-2026-03-12-at-11.24.54.jpeg
5344,image,narcoticsanonymouswesterncape.WordPress.2026-08-16.xml,https://na.org.za/wc/wp-content/uploads/sites/2/2026/03/image.png,uploads/sites/2/2026/03/image.png,/home/ubuntu/webdev-static-assets/na-south-africa/image.png
5358,WhatsApp Image 2026-02-17 at 10.24.20,narcoticsanonymouswesterncape.WordPress.2026-08-16.xml,https://na.org.za/wc/wp-content/uploads/sites/2/2026/03/WhatsApp-Image-2026-02-17-at-10.24.20.jpeg,uploads/sites/2/2026/03/WhatsApp-Image-2026-02-17-at-10.24.20.jpeg,/home/ubuntu/webdev-static-assets/na-south-africa/WhatsApp-Image-2026-02-17-at-10.24.20.jpeg
5388,WhatsApp Image 2026-04-12 at 20.38.41,narcoticsanonymouswesterncape.WordPress.2026-08-16.xml,https://na.org.za/wc/wp-content/uploads/sites/2/2026/04/WhatsApp-Image-2026-04-12-at-20.38.41.jpeg,uploads/sites/2/2026/04/WhatsApp-Image-2026-04-12-at-20.38.41.jpeg,/home/ubuntu/webdev-static-assets/na-south-africa/WhatsApp-Image-2026-04-12-at-20.38.41.jpeg
5488,Observatory Recreation Centre Entrance 2_,narcoticsanonymouswesterncape.WordPress.2026-08-16.xml,https://na.org.za/wc/wp-content/uploads/sites/2/2026/05/Observatory-Recreation-Centre-Entrance-2_.jpeg,uploads/sites/2/2026/05/Observatory-Recreation-Centre-Entrance-2_.jpeg,/home/ubuntu/webdev-static-assets/na-south-africa/Observatory-Recreation-Centre-Entrance-2_.jpeg
5574,WhatsApp Image 2026-07-01 at 16.48.20,narcoticsanonymouswesterncape.WordPress.2026-08-16.xml,https://na.org.za/wc/wp-content/uploads/sites/2/2026/07/WhatsApp-Image-2026-07-01-at-16.48.20.jpeg,uploads/sites/2/2026/07/WhatsApp-Image-2026-07-01-at-16.48.20.jpeg,/home/ubuntu/webdev-static-assets/na-south-africa/WhatsApp-Image-2026-07-01-at-16.48.20.jpeg
5577,WhatsApp Image 2026-07-01 at 16.47.59,narcoticsanonymouswesterncape.WordPress.2026-08-16.xml,https://na.org.za/wc/wp-content/uploads/sites/2/2026/07/WhatsApp-Image-2026-07-01-at-16.47.59.jpeg,uploads/sites/2/2026/07/WhatsApp-Image-2026-07-01-at-16.47.59.jpeg,/home/ubuntu/webdev-static-assets/na-south-africa/WhatsApp-Image-2026-07-01-at-16.47.59.jpeg
