legacy_id,meeting_name,area,schedule,format,source_address,source_coordinates,legacy_geocode,address_verified,map_pin_confirmed,spelling_checked,contact_confirmed,priority,qa_status,source_url
4340,Serenity@Sunrise,Johannesburg,Monday 06:00,online,"Johannesburg, South Africa","-26.205647, 28.0337185",yes,Pending,Not applicable,Pending,Pending,Standard,Not started,https://na.org.za/blog/meetings/serenitysunrise1/
3902,JFT,Johannesburg,Monday 09:00,online,"Johannesburg, South Africa","-26.205647, 28.0337185",yes,Pending,Not applicable,Pending,Pending,Standard,Not started,https://na.org.za/blog/meetings/jft/
4332,JFT Meeting,Johannesburg,Monday 09:00,online,"Johannesburg, South Africa","-26.205647, 28.0337185",yes,Pending,Not applicable,Pending,Pending,Standard,Not started,https://na.org.za/blog/meetings/jft-online/
4406,Klerksdorp - Monday - 10:00,Johannesburg,Monday 10:00,in_person,"63 Alex St, Alabama, Klerksdorp, 2577, South Africa","-26.8728027, 26.5884986",no,Pending,Pending,Pending,Pending,Standard,Not started,https://na.org.za/blog/meetings/klerksdorp-monday-1000/
3613,Hammanskraal Meeting - Monday,Pretoria,Monday 10:00,in_person,"2875 Molefe Makinta Rd, Kudube Unit 2, Temba, 0400, South Africa","-25.3698049, 28.2520853",no,Pending,Pending,Pending,Pending,Standard,Not started,https://na.org.za/blog/meetings/hammanskraal-meeting-monday-open/
3425,Green market square Express,Western Cape,Monday 13:05,in_person,"151 Longmarket St, Cape Town City Centre, Cape Town, 8000, South Africa","-33.9228607, 18.4195143",no,Pending,Pending,Pending,Pending,Standard,Not started,https://na.org.za/blog/meetings/just-for-today/
4349,Virtual Online Group (VOG),Johannesburg,Monday 17:00,online,"Johannesburg, South Africa","-26.205647, 28.0337185",yes,Pending,Not applicable,Pending,Pending,Standard,Not started,https://na.org.za/blog/meetings/virtual-online-group-vog/
3615,Monday Second Chance Meeting,Pretoria,Monday 17:00,inactive,"Dr Ribane Cres, Mamelodi - MD1, Pretoria, 0122, South Africa","-25.705918, 28.357379",no,Pending,Pending,Pending,Pending,Standard,Not started,https://na.org.za/blog/meetings/monday-second-chance-meeting/
3907,Senaone Soweto - Monday - 18:00,Johannesburg,Monday 18:00,in_person,"Makhetha St, Protea North, Soweto, 1815, South Africa","-26.2736579, 27.832889",no,Pending,Pending,Pending,Pending,Standard,Not started,https://na.org.za/blog/meetings/senaone-soweto-monday-1800/
3909,Phefeni Soweto - Monday - 18:00,Johannesburg,Monday 18:00,in_person,"Funani St, Orlando, Soweto, 1804, South Africa","-26.2331642, 27.9047098",no,Pending,Pending,Pending,Pending,Standard,Not started,https://na.org.za/blog/meetings/phefeni-miracles/
3426,Green Point JFT (F2F),Western Cape,Monday 18:00,in_person,"2 Somerset Rd, Green Point, Cape Town, 8001, South Africa","-33.9161263, 18.418842",no,Pending,Pending,Pending,Pending,Standard,Not started,https://na.org.za/blog/meetings/just-for-today-2a/
3427,Just For Today CPT - Online,Western Cape,Monday 18:00,online,"Western Cape, South Africa","-33.2277918, 21.8568586",yes,Pending,Not applicable,Pending,Pending,Standard,Not started,https://na.org.za/blog/meetings/just-for-today-2/
4445,Kempton Park - Monday - 18:30,Johannesburg,Monday 18:30,in_person,"133 Plane Rd, Spartan, Kempton Park, 1619, South Africa","-26.1100543, 28.2186643",no,Pending,Pending,Pending,Pending,Standard,Not started,https://na.org.za/blog/meetings/kempton-park-monday-1830/
3911,Florida - Monday - 18:30,Johannesburg,Monday 18:30,in_person,"43 Madeline St, Florida, Roodepoort, 1710, South Africa","-26.1725192, 27.9182898",no,Pending,Pending,Pending,Pending,Standard,Not started,https://na.org.za/blog/meetings/florida-mondays-1830/
3507,Durban North Monday,Kwazulu-Natal,Monday 18:30,in_person,"3 Swapo Rd, Durban North, 4051, South Africa","-29.7842701, 31.0385933",no,Pending,Pending,Pending,Pending,Standard,Not started,https://na.org.za/blog/meetings/durban-north-monday/
4400,Weltevreden Park - Monday - 19:00,Johannesburg,Monday 19:00,in_person,"1140 Cornelius St, Weltevredenpark, Johannesburg, 1709, South Africa","-26.126518, 27.9261138",no,Pending,Pending,Pending,Pending,Standard,Not started,https://na.org.za/blog/meetings/weltevreden-park-mondays-1900/
3428,Blouberg - Surrender to Monday,Western Cape,Monday 19:00,in_person,"3 Batavia Rd, Bloubergstrand, Cape Town, 7436, South Africa","-33.8001221, 18.4594127",no,Pending,Pending,Pending,Pending,Standard,Not started,https://na.org.za/blog/meetings/surrender-to-monday/
3915,Vanderbijlpark - Monday - 19:00,Johannesburg,Monday 19:00,in_person,"90 Abraham St, Mantervrede AH, Vanderbijlpark, South Africa","-26.74229, 27.8116",no,Pending,Pending,Pending,Pending,Standard,Not started,https://na.org.za/blog/meetings/vanderbijlpark-monday-1900/
3509,Phoenix Monday,Kwazulu-Natal,Monday 19:00,in_person,"14 Grandmore Rd, Grove End, Phoenix, 4068, South Africa","-29.6984235, 31.0257716",no,Pending,Pending,Pending,Pending,Standard,Not started,https://na.org.za/blog/meetings/phoenix-monday/
3429,Delft Against All Odds,Western Cape,Monday 19:00,in_person,"Voorbrug Rd, Delft, Cape Town, 7100, South Africa","-33.9742275, 18.6443664",no,Pending,Pending,Pending,Pending,Standard,Not started,https://na.org.za/blog/meetings/delft/
3430,City Bowl,Western Cape,Monday 19:00,in_person,"55 Kloof St, Gardens, Cape Town, 8001, South Africa","-33.9293726, 18.4116357",no,Pending,Pending,Pending,Pending,Standard,Not started,https://na.org.za/blog/meetings/city-bowl/
3617,Monday Garsfontein Meeting,Pretoria,Monday 19:00,in_person,"Hilda Botha St, Garsfontein, Pretoria, 0042, South Africa","-25.7920413, 28.2860626",no,Pending,Pending,Pending,Pending,Standard,Not started,https://na.org.za/blog/meetings/spiritual-principles/
3431,Plettenberg Bay (Share / Topic Meeting),Western Cape,Monday 19:00,in_person,"11 Green Point Ave, Plettenberg Bay, 6600, South Africa","-34.0623416, 23.3654226",no,Pending,Pending,Pending,Pending,Standard,Not started,https://na.org.za/blog/meetings/plettenberg-bay-2/
4358,Spiritual Principles,Johannesburg,Monday 19:00,online,"Johannesburg, South Africa","-26.205647, 28.0337185",yes,Pending,Not applicable,Pending,Pending,Standard,Not started,https://na.org.za/blog/meetings/spiritual-principles-2/
3917,LGBTQIA - Monday - 19:00 - Online,Johannesburg,Monday 19:00,online,"Johannesburg South, 2190, South Africa","-26.2573212, 28.0478826",yes,Pending,Not applicable,Pending,Pending,Standard,Not started,https://na.org.za/blog/meetings/lgbtqia-monday-1900-online/
3619,Monday Lyttleton,Pretoria,Monday 19:00,in_person,"113 Monument Ave, Lyttelton Manor, Centurion, 0157, South Africa","-25.8326962, 28.204478",no,Pending,Pending,Pending,Pending,Standard,Not started,https://na.org.za/blog/meetings/topic-3/
3432,Mosselbay,Western Cape,Monday 19:00,in_person,"Queen St, Kwanonqaba, Mossel Bay, 6506, South Africa","-34.16859, 22.100618",no,Pending,Pending,Pending,Pending,Standard,Not started,https://na.org.za/blog/meetings/mossel-bay/
3621,Monday Montana Meeting,Pretoria,Monday 19:00,in_person,"435 3rd Rd, Montana, Pretoria, 0187, South Africa","-25.6677021, 28.2347045",no,Pending,Pending,Pending,Pending,Standard,Not started,https://na.org.za/blog/meetings/back-to-basics/
3623,Monday Rietvlei Meeting,Pretoria,Monday 19:00,online,"Mabeskraal, 0313, South Africa","-25.2106078, 26.8218297",yes,Pending,Not applicable,Pending,Pending,Standard,Not started,https://na.org.za/blog/meetings/monday-rietvlei-meeting-open/
3625,Monday Rustenburg Meeting,Pretoria,Monday 19:00,in_person,"Unnamed Rd, Malebitsa, South Africa","-24.8987379, 28.9329028",no,Pending,Pending,Pending,Pending,Standard,Not started,https://na.org.za/blog/meetings/monday-rustenburg-meeting-open/
3433,Constantia Monday,Western Cape,Monday 19:00,in_person,"17 Silverhurst Way, Bergvliet, Cape Town, 7945, South Africa","-34.0503996, 18.4578814",no,Pending,Pending,Pending,Pending,Standard,Not started,https://na.org.za/blog/meetings/constantia/
3434,Stellenbosch,Western Cape,Monday 19:00,in_person,"4 Rustenburg Way, Idasvallei, Stellenbosch, 7609, South Africa","-33.924459, 18.8785029",no,Pending,Pending,Pending,Pending,Standard,Not started,https://na.org.za/blog/meetings/stellenbosch/
3511,Umbilo Monday,Kwazulu-Natal,Monday 19:00,in_person,"55 Bartle Rd, Umbilo, Berea, 4075, South Africa","-29.8794501, 30.9864428",no,Pending,Pending,Pending,Pending,Standard,Not started,https://na.org.za/blog/meetings/umbilo-monday/
3435,NA Hermanus,Western Cape,Monday 19:00,in_person,"13 Royal St, Hermanus, 7200, South Africa","-34.4161673, 19.2419879",no,Pending,Pending,Pending,Pending,Standard,Not started,https://na.org.za/blog/meetings/na-hermanus/
3513,Austerville Monday,Kwazulu-Natal,Monday 19:00,in_person,"2 Petingo Grove, Austerville, Bluff, 4052, South Africa","-29.9409252, 30.9809018",no,Pending,Pending,Pending,Pending,Standard,Not started,https://na.org.za/blog/meetings/austerville-monday/
3436,Gordon's Bay Monday Night,Western Cape,Monday 19:15,in_person,"87 Beach Rd, Gordons Bay Central, Cape Town, 7151, South Africa","-34.1614874, 18.8674013",no,Pending,Pending,Pending,Pending,Standard,Not started,https://na.org.za/blog/meetings/gordons-bay/
3922,Brackenhurst - Monday - 19:30,Johannesburg,Monday 19:30,in_person,"9 Toinette St, Brackenhurst, Alberton, 1453, South Africa","-26.333922, 28.1065805",no,Pending,Pending,Pending,Pending,Standard,Not started,https://na.org.za/blog/meetings/brackenhurst-monday-1900-2/
3925,Norscot - Monday - 19:30,Johannesburg,Monday 19:30,in_person,"16B Penguin Dr, Norscot, Sandton, 2055, South Africa","-26.0354488, 28.0073574",no,Pending,Pending,Pending,Pending,Standard,Not started,https://na.org.za/blog/meetings/norscot-monday-1930/
3935,Rosebank - Monday - 19:30,Johannesburg,Monday 19:30,in_person,"68 7th Ave, Parktown North, Randburg, 2193, South Africa","-26.1452437, 28.0342754",no,Pending,Pending,Pending,Pending,Standard,Not started,https://na.org.za/blog/meetings/rosebank-monday-2/
3940,Edenvale - Monday - 19:30,Johannesburg,Monday 19:30,in_person,"92 Voortrekker Ave, Edenvale, 1609, South Africa","-26.1381921, 28.1523465",no,Pending,Pending,Pending,Pending,Standard,Not started,https://na.org.za/blog/meetings/edenvale-monday-1930-2/
3437,Bonteheuwel Meeting,Western Cape,Monday 19:30,in_person,"Elder St & Jakkalsvlei Ave, Bonteheuwel, Cape Town, 7764, South Africa","-33.9462468, 18.5512115",no,Pending,Pending,Pending,Pending,Standard,Not started,https://na.org.za/blog/meetings/bonteheuwel/
3438,Durbanville Together We Can,Western Cape,Monday 19:30,in_person,"5 Louw St, Durbanville, Cape Town, 7550, South Africa","-33.8332707, 18.6511041",no,Pending,Pending,Pending,Pending,Standard,Not started,https://na.org.za/blog/meetings/durbanville/
3439,Lansdowne Searching and Fearless,Western Cape,Monday 19:30,in_person,"63 Church St, Lansdowne, Cape Town, 7780, South Africa","-33.994866, 18.504647",no,Pending,Pending,Pending,Pending,Standard,Not started,https://na.org.za/blog/meetings/lansdowne/
3440,Blue Monday Steenberg,Western Cape,Monday 19:30,in_person,"24 Service Rd, Muizenberg, Cape Town, 7945, South Africa","-34.0841507, 18.4552389",no,Pending,Pending,Pending,Pending,Standard,Not started,https://na.org.za/blog/meetings/blue-monday-steenberg/
3515,Chatsworth Monday,Kwazulu-Natal,Monday 19:30,in_person,"14 Joyhurst St, Westcliff, Chatsworth, 4092, South Africa","-29.9146577, 30.8792426",no,Pending,Pending,Pending,Pending,Standard,Not started,https://na.org.za/blog/meetings/chatsworth-monday/
3517,Newlands East Monday,Kwazulu-Natal,Monday 19:30,in_person,"Garrick Cres, Newlands East, 4037, South Africa","-29.7697848, 30.983018",no,Pending,Pending,Pending,Pending,Standard,Not started,https://na.org.za/blog/meetings/newlands-east-monday/
3441,No Matter What,Western Cape,Monday 19:30,in_person,"Rawson St & Collingwood Rd, Observatory, Cape Town, 7925, South Africa","-33.9368288, 18.4690212",no,Pending,Pending,Pending,Pending,Standard,Not started,https://na.org.za/blog/meetings/observatory/
3951,Rosettenville - Monday - 19:30 - Online,Johannesburg,Monday 19:30,online,"Rosettenville, Johannesburg South, 2190, South Africa","-26.2527573, 28.0566638",yes,Pending,Not applicable,Pending,Pending,Standard,Not started,https://na.org.za/blog/meetings/rosettenville-na-2/
3442,Carrying the Message,Western Cape,Monday 19:30,in_person,"9 Cassino Rd, Plumstead, Cape Town, 7801, South Africa","-34.0292019, 18.4813627",no,Pending,Pending,Pending,Pending,Standard,Not started,https://na.org.za/blog/meetings/southfield/
3962,Lenasia - Monday- 20:00,Johannesburg,Monday 20:00,in_person,"5 Suikerbos St, Lenasia, 1821, South Africa","-26.3213547, 27.8376222",no,Pending,Pending,Pending,Pending,Standard,Not started,https://na.org.za/blog/meetings/lenasia-wednesday-2000-2/
3971,Thames House - Monday - 20:00,Johannesburg,Monday 20:00,in_person,"Hope St, Roodepoort 302-Iq, 1829, South Africa","-26.3536644, 27.8512737",no,Pending,Pending,Pending,Pending,Standard,Not started,https://na.org.za/blog/meetings/thames-house-group-monday-2000-3/
3443,Hour of Power - Online,Western Cape,Monday 20:00,online,"Western Cape, South Africa","-33.2277918, 21.8568586",yes,Pending,Not applicable,Pending,Pending,Standard,Not started,https://na.org.za/blog/meetings/hour-of-power-online/
4341,Serenity@Sunrise,Johannesburg,Tuesday 06:00,online,"Johannesburg, South Africa","-26.205647, 28.0337185",yes,Pending,Not applicable,Pending,Pending,Standard,Not started,https://na.org.za/blog/meetings/serenitysunrise/
4331,JFT Meeting,Johannesburg,Tuesday 09:00,online,"Johannesburg, South Africa","-26.205647, 28.0337185",yes,Pending,Not applicable,Pending,Pending,Standard,Not started,https://na.org.za/blog/meetings/jft-online-2/
3630,Hammanskraal Meeting - Tuesday,Pretoria,Tuesday 10:00,in_person,"80 Temba, Kudube Unit 1, Temba, 0400, South Africa","-25.3917816, 28.2616105",no,Pending,Pending,Pending,Pending,Standard,Not started,https://na.org.za/blog/meetings/hammanskraal-tuesday-meeting-open/
3634,Tuesday Mabupane Recovery Meeting,Pretoria,Tuesday 11:00,in_person,"Mabopane Rd, 0190, South Africa","-25.5067725, 28.0787171",no,Pending,Pending,Pending,Pending,Standard,Not started,https://na.org.za/blog/meetings/tuesday-mabupane-recovery-meeting/
3948,Zola Soweto - Tuesday - 11:30,Johannesburg,Tuesday 11:30,in_person,"3131 Bolani Rd, Zola, Soweto, 1878, South Africa","-26.2485972, 27.8456092",no,Pending,Pending,Pending,Pending,Standard,Not started,https://na.org.za/blog/meetings/zola-tuesday-1130-2/
3994,Protea Glen - Tuesday - 12:00,Johannesburg,Tuesday 12:00,in_person,"Milkwood St, Protea Glen, Soweto, 1819, South Africa","-26.2695025, 27.8163326",no,Pending,Pending,Pending,Pending,Standard,Not started,https://na.org.za/blog/meetings/protea-glen-tuesday-1200/
3444,Green market square Express,Western Cape,Tuesday 13:05,in_person,"151 Longmarket St, Cape Town City Centre, Cape Town, 8000, South Africa","-33.9228607, 18.4195143",no,Pending,Pending,Pending,Pending,Standard,Not started,https://na.org.za/blog/meetings/just-for-today-7/
4007,Bram Fischerville - Tuesday - 16:00,Johannesburg,Tuesday 16:00,in_person,"Unity Blvd, Roodepoort 237-Iq, Roodepoort 237-Iq, Roodepoort, 1725, South Africa","-26.18307, 27.86926",no,Pending,Pending,Pending,Pending,Standard,Not started,https://na.org.za/blog/meetings/soweto-tuesday-1600/
4018,Braam Fischer - Tuesday - 16:00,Johannesburg,Tuesday 16:00,in_person,"Amandla Blvd, Braamfischerville, Soweto, 1875, South Africa","-26.2053763, 27.8617807",no,Pending,Pending,Pending,Pending,Standard,Not started,https://na.org.za/blog/meetings/braam-fischer-tuesday-1600/
4352,Virtual Online Group (VOG),Johannesburg,Tuesday 17:00,online,"Johannesburg, South Africa","-26.205647, 28.0337185",yes,Pending,Not applicable,Pending,Pending,Standard,Not started,https://na.org.za/blog/meetings/virtual-online-group-vog-2/
3635,Tuesday Second Chance Meeting,Pretoria,Tuesday 17:00,inactive,"Dr Ribane Cres, Mamelodi - MD1, Pretoria, 0122, South Africa","-25.705918, 28.357379",no,Pending,Pending,Pending,Pending,Standard,Not started,https://na.org.za/blog/meetings/tuesday-second-chance-meeting/
4027,Alabama Klerksdorp - Tuesday - 17:30,Johannesburg,Tuesday 17:30,in_person,"86 Buitekant St, Alabama, Klerksdorp, 2577, South Africa","-26.8682917, 26.5885237",no,Pending,Pending,Pending,Pending,Standard,Not started,https://na.org.za/blog/meetings/alabama-klerksdorp-tuesday-1730/
3637,Tuesday Mamelodi,Pretoria,Tuesday 18:00,in_person,"19027 Somo St, Mamelodi - S&S, Pretoria, 0122, South Africa","-25.7041528, 28.3749915",no,Pending,Pending,Pending,Pending,Standard,Not started,https://na.org.za/blog/meetings/thandanani-walk-in-centre-tuesday-600-pm/
4063,Fochville - Tuesday - 18:00,Johannesburg,Tuesday 18:00,in_person,"25 Vrede St, Fochville, 2515, South Africa","-26.4892749, 27.4982519",no,Pending,Pending,Pending,Pending,Standard,Not started,https://na.org.za/blog/meetings/narcotics-annonymous-fochville/
4078,Diepkloof - Tuesday - 18:00,Johannesburg,Tuesday 18:00,inactive,"3707 Molatedi St, Diepkloof Zone 3, Johannesburg, 1864, South Africa","-26.2360612, 27.9451042",no,Pending,Pending,Pending,Pending,Standard,Not started,https://na.org.za/blog/meetings/diepkloof-tuesdays-1800/
4092,Boskruin - Tuesday - 18:00,Johannesburg,Tuesday 18:00,in_person,"Hawken Ave & President Fouche Dr, Boskruin, Randburg, 2188, South Africa","-26.0877802, 27.9581916",no,Pending,Pending,Pending,Pending,Standard,Not started,https://na.org.za/blog/meetings/boskruin-tuesday/
3980,Mapetla - Tuesday - 18:00,Johannesburg,Tuesday 18:00,in_person,"1864 Pilane St, Molapo, Soweto, 1818, South Africa","-26.2630288, 27.8580648",no,Pending,Pending,Pending,Pending,Standard,Not started,https://na.org.za/blog/meetings/mapetla-tuesdays-1800-2/
3445,Just For Today CPT - Online,Western Cape,Tuesday 18:00,online,"Western Cape, South Africa","-33.2277918, 21.8568586",yes,Pending,Not applicable,Pending,Pending,Standard,Not started,https://na.org.za/blog/meetings/green-point-topic-meeting-share/
4125,Krugersdorp - Tuesday - 19:00,Johannesburg,Tuesday 19:00,in_person,"86 Viljoen St, Krugersdorp North, Krugersdorp, 1740, South Africa","-26.0873659, 27.7714743",no,Pending,Pending,Pending,Pending,Standard,Not started,https://na.org.za/blog/meetings/krugersdorp-tuesday/
4067,Brakpan - Tuesday - 19:00,Johannesburg,Tuesday 19:00,in_person,"134 Gardiner St, Brakpan, 1540, South Africa","-26.2353754, 28.3611652",no,Pending,Pending,Pending,Pending,Standard,Not started,https://na.org.za/blog/meetings/brakpan-tuesday-1800/
4080,Fairlands - Tuesday - 19:00,Johannesburg,Tuesday 19:00,in_person,"152 Market St, Fairland, Johannesburg, 2030, South Africa","-26.134213, 27.9405317",no,Pending,Pending,Pending,Pending,Standard,Not started,https://na.org.za/blog/meetings/fairlands-tuesday-1900/
4093,Towerby - Tuesday - 19:00 - Meeting is closed,Johannesburg,Tuesday 19:00,inactive,"8 Marilyn St, Rosettenville, Johannesburg South, 2190, South Africa","-26.2572902, 28.0470746",no,Pending,Pending,Pending,Pending,Standard,Not started,https://na.org.za/blog/meetings/towerby-tuesday-1900/
3519,Umhlali Tuesday,Kwazulu-Natal,Tuesday 19:00,in_person,G6C8+MR oThongathi,"-29.4783125, 31.2170625",no,Pending,Pending,Pending,Pending,Standard,Not started,https://na.org.za/blog/meetings/umhlali-tuesday/
3446,Claremont Tuesday Express,Western Cape,Tuesday 19:00,in_person,"8 Franklin Rd, Claremont, Cape Town, 7708, South Africa","-33.9815106, 18.4796306",no,Pending,Pending,Pending,Pending,Standard,Not started,https://na.org.za/blog/meetings/claremont-express-meeting/
3639,Mamelodi Meeting,Pretoria,Tuesday 19:00,inactive,"Tlou St & Thibela St, Eastwood (Mamelodi), Pretoria, 0083, South Africa","-25.7049259, 28.3759588",no,Pending,Pending,Pending,Pending,Standard,Not started,https://na.org.za/blog/meetings/mamelodi/
3521,Phoenix Tuesday,Kwazulu-Natal,Tuesday 19:00,in_person,"205 Canehaven Dr, Foresthaven, Phoenix, 4068, South Africa","-29.6862367, 31.017549",no,Pending,Pending,Pending,Pending,Standard,Not started,https://na.org.za/blog/meetings/phoenix-tuesday/
3447,Living Queer,Western Cape,Tuesday 19:00,in_person,"Cedar Ave, Pinelands, Cape Town, 7405, South Africa","-33.9365957, 18.5125672",no,Pending,Pending,Pending,Pending,Standard,Not started,https://na.org.za/blog/meetings/living-queer/
4110,Kyalami - Tuesday - 19:00,Johannesburg,Tuesday 19:00,in_person,"125 Duncan Rd, Glenferness AH, Johannesburg, 2021, South Africa","-26.0013152, 28.0329082",no,Pending,Pending,Pending,Pending,Standard,Not started,https://na.org.za/blog/meetings/kyalami-tuesday-2000-3/
3641,Tuesday Hillcrest Meeting,Pretoria,Tuesday 19:00,in_person,"St Wilfrid's Anglican Church, 96 Duxbury Rd, Hillcrest, Pretoria, 0083, South Africa","-25.7546412, 28.2368688",no,Pending,Pending,Pending,Pending,Standard,Not started,https://na.org.za/blog/meetings/step-up-newcomer-group/
4359,Spiritual Principles,Johannesburg,Tuesday 19:00,online,"Johannesburg, South Africa","-26.205647, 28.0337185",yes,Pending,Not applicable,Pending,Pending,Standard,Not started,https://na.org.za/blog/meetings/spiritual-principles-3/
3448,Kalk Bay Changing Tides,Western Cape,Tuesday 19:00,in_person,"27 Main Rd, St James, Cape Town, 7946, South Africa","-34.1239102, 18.4521656",no,Pending,Pending,Pending,Pending,Standard,Not started,https://na.org.za/blog/meetings/kalk-bay/
3642,Tuesday Lyttleton,Pretoria,Tuesday 19:00,in_person,"113 Monument Ave, Lyttelton Manor, Centurion, 0157, South Africa","-25.8326962, 28.204478",no,Pending,Pending,Pending,Pending,Standard,Not started,https://na.org.za/blog/meetings/topic-tag-meeting/
4442,Kloof Tuesday,Kwazulu-Natal,Tuesday 19:00,in_person,"36 Village Rd, Kloof, 3640, South Africa","-29.7919853, 30.8321551",no,Pending,Pending,Pending,Pending,Standard,Not started,https://na.org.za/blog/meetings/kloof-tuesday/
3523,Pennington Tuesday,Kwazulu-Natal,Tuesday 19:00,in_person,"Gumtree Rd & Pennington Dr, Pennington, 4184, South Africa","-30.385178, 30.694181",no,Pending,Pending,Pending,Pending,Standard,Not started,https://na.org.za/blog/meetings/pennington-tuesday/
3644,Besileia Tuesday Meeting,Pretoria,Tuesday 19:00,hybrid,"66 Marais St, Rustenburg, 2999, South Africa","-25.6769633, 27.236415",no,Pending,Pending,Pending,Pending,Standard,Not started,https://na.org.za/blog/meetings/besileia-tuesday-meeting-open/
3525,Tongaat Tuesday,Kwazulu-Natal,Tuesday 19:00,in_person,"2 Canary Cres, Buffelsdale, oThongathi, 4401, South Africa","-29.5816766, 31.0940125",no,Pending,Pending,Pending,Pending,Standard,Not started,https://na.org.za/blog/meetings/tongaat-tuesday/
3527,Amanzimtoti Tuesday,Kwazulu-Natal,Tuesday 19:00,in_person,"157 Kingsway Rd, eManzimtoti, 4126, South Africa","-30.0656018, 30.8765551",no,Pending,Pending,Pending,Pending,Standard,Not started,https://na.org.za/blog/meetings/amanzimtoti-tuesday/
3449,Tableview -Keep it Simple,Western Cape,Tuesday 19:00,in_person,"85 Janssens Avenue, Table View, Cape Town, 7439, South Africa","-33.8217118, 18.5040254",no,Pending,Pending,Pending,Pending,Standard,Not started,https://na.org.za/blog/meetings/table-view/
4130,Benmore - Tuesday - 19:30,Johannesburg,Tuesday 19:30,in_person,"1 Pam Rd, Morningside, Sandton, 2057, South Africa","-26.0980843, 28.0510705",no,Pending,Pending,Pending,Pending,Standard,Not started,https://na.org.za/blog/meetings/benmore-tuesday-1930-3/
4149,Waverley - Tuesday - 19:30,Johannesburg,Tuesday 19:30,in_person,"18 High Rd, Orchards, Johannesburg, 2192, South Africa","-26.1534196, 28.0746821",no,Pending,Pending,Pending,Pending,Standard,Not started,https://na.org.za/blog/meetings/waverley-meeting/
4171,Fourways - Tuesdays - 19:30,Johannesburg,Tuesday 19:30,in_person,"31 Richard Rd, Fourways, Sandton, 2191, South Africa","-26.001813, 27.9980937",no,Pending,Pending,Pending,Pending,Standard,Not started,https://na.org.za/blog/meetings/fourways-tuesdays-1930/
4095,Newclare – Tuesday – 19:30 - Temp Closed,Johannesburg,Tuesday 19:30,inactive,"4 Hoy St, Newclare, Randburg, 2093, South Africa","-26.1859872, 27.9636393",no,Pending,Pending,Pending,Pending,Standard,Not started,https://na.org.za/blog/meetings/newclare-tuesday-1930/
3529,PMB Midlands Tuesday,Kwazulu-Natal,Tuesday 19:30,in_person,"40 Gaysingh Rd, Northdale, Pietermaritzburg, 3201, South Africa","-29.5662035, 30.3911176",no,Pending,Pending,Pending,Pending,Standard,Not started,https://na.org.za/blog/meetings/pmb-tuesday/
4109,Randburg - Tuesday - 19:30,Johannesburg,Tuesday 19:30,in_person,"6 Brink St, Bryanbrink, Randburg, 2194, South Africa","-26.0766932, 27.9986335",no,Pending,Pending,Pending,Pending,Standard,Not started,https://na.org.za/blog/meetings/randburg-tuesday-1930/
4126,Alberton - Tuesday - 19:30,Johannesburg,Tuesday 19:30,in_person,"Alwyn Taljaard Ave, New Redruth, Alberton, 1449, South Africa","-26.2646736, 28.1237073",no,Pending,Pending,Pending,Pending,Standard,Not started,https://na.org.za/blog/meetings/alberton-tuesday-1930-2/
3531,Redhill Tuesday,Kwazulu-Natal,Tuesday 19:30,in_person,"8 Firwood Rd, Greenwood Park, Durban North, 4051, South Africa","-29.7778036, 31.0205178",no,Pending,Pending,Pending,Pending,Standard,Not started,https://na.org.za/blog/meetings/redhill-tuesday/
3533,Vision of Hope Bluff Group,Kwazulu-Natal,Tuesday 19:30,in_person,"936 Bluff Rd, Bluff, Durban, 4052, South Africa","-29.9103488, 31.0146087",no,Pending,Pending,Pending,Pending,Standard,Not started,https://na.org.za/blog/meetings/bluff-tuesday/
3450,Retreat Coming Home,Western Cape,Tuesday 19:30,in_person,"99 10th Ave, Cafda Village, Cape Town, 7965, South Africa","-34.0582047, 18.4782255",no,Pending,Pending,Pending,Pending,Standard,Not started,https://na.org.za/blog/meetings/retreat/
4060,Ennerdale - Tuesday - 20:00,Johannesburg,Tuesday 20:00,in_person,"243 6th Ave, Mid-Ennerdale, Johannesburg, 1830, South Africa","-26.4183508, 27.8332721",no,Pending,Pending,Pending,Pending,Standard,Not started,https://na.org.za/blog/meetings/ennerdale-tuesday-2000-2/
3451,Plumstead Strength and Unity,Western Cape,Tuesday 20:00,in_person,"87 Milford Rd, Plumstead, Cape Town, 7801, South Africa","-34.0221224, 18.4824553",no,Pending,Pending,Pending,Pending,Standard,Not started,https://na.org.za/blog/meetings/plumstead-strength-and-unity/
4342,Serenity@Sunrise,Johannesburg,Wednesday 06:00,online,"Johannesburg, South Africa","-26.205647, 28.0337185",yes,Pending,Not applicable,Pending,Pending,Standard,Not started,https://na.org.za/blog/meetings/serenitysunrise-2/
4333,JFT Meeting,Johannesburg,Wednesday 09:00,online,"Johannesburg, South Africa","-26.205647, 28.0337185",yes,Pending,Not applicable,Pending,Pending,Standard,Not started,https://na.org.za/blog/meetings/jft-online-3/
4407,Klerksdorp - Wednesday - 10:00,Johannesburg,Wednesday 10:00,in_person,"63 Alex St, Alabama, Klerksdorp, 2577, South Africa","-26.8728027, 26.5884986",no,Pending,Pending,Pending,Pending,Standard,Not started,https://na.org.za/blog/meetings/klerksdorp-wednesday-1000/
4164,Naledi - Wednesday - 11:30,Johannesburg,Wednesday 11:30,in_person,"2 Letsatsi St, Naledi, Soweto, 1861, South Africa","-26.2590346, 27.8192081",no,Pending,Pending,Pending,Pending,Standard,Not started,https://na.org.za/blog/meetings/naledi-wednesday-1130/
4182,Snake Park – Wednesday – 12:00,Johannesburg,Wednesday 12:00,in_person,"Azalia Ave, Soweto, 1874, South Africa","-26.237257, 27.8092432",no,Pending,Pending,Pending,Pending,Standard,Not started,https://na.org.za/blog/meetings/snake-park-wednesday-1200/
3649,Soshanguve Meeting - Wednesday,Pretoria,Wednesday 13:00,inactive,"Soshanguve - AA, Soshanguve, 0152, South Africa","-25.503206, 28.0961737",yes,Pending,Pending,Pending,Pending,High,Not started,https://na.org.za/blog/meetings/soshanguve-meeting-wednesday-open/
3452,Green market square Express,Western Cape,Wednesday 13:05,in_person,"151 Longmarket St, Cape Town City Centre, Cape Town, 8000, South Africa","-33.9228607, 18.4195143",no,Pending,Pending,Pending,Pending,Standard,Not started,https://na.org.za/blog/meetings/just-for-today-5/
4415,Durbanville Wednesday Lunch,Western Cape,Wednesday 13:10,in_person,"7 Louw St, Durbanville, Cape Town, 7550, South Africa","-33.8331833, 18.6511053",no,Pending,Pending,Pending,Pending,Standard,Not started,https://na.org.za/blog/meetings/durbanville-wednesday-lunch/
4196,Orange Farm - Wednesday - 14:00,Johannesburg,Wednesday 14:00,in_person,"1559 Link St, Orange Farm, Johannesburg, 1841, South Africa","-26.473644, 27.869512",no,Pending,Pending,Pending,Pending,Standard,Not started,https://na.org.za/blog/meetings/orange-farm-monday-1600/
4353,Virtual Online Group (VOG),Johannesburg,Wednesday 17:00,online,"Johannesburg, South Africa","-26.205647, 28.0337185",yes,Pending,Not applicable,Pending,Pending,Standard,Not started,https://na.org.za/blog/meetings/virtual-online-group-vog-3/
3650,Wednesday Second Chance Meeting,Pretoria,Wednesday 17:00,inactive,"Dr Ribane Cres, Mamelodi - MD1, Pretoria, 0122, South Africa","-25.705918, 28.357379",no,Pending,Pending,Pending,Pending,Standard,Not started,https://na.org.za/blog/meetings/wednesday-second-chance-meeting/
4047,Pimville - Wednesday - 18:00,Johannesburg,Wednesday 18:00,in_person,"11624 Mathithibala St, Pimville Zone 4, Pimville, 1809, South Africa","-26.2707289, 27.8994457",no,Pending,Pending,Pending,Pending,Standard,Not started,https://na.org.za/blog/meetings/soweto-pimville-wednesday-1830/
4117,Noordgesig - Wednesday - 18:00,Johannesburg,Wednesday 18:00,in_person,"Central Rd, Noordgesig, Soweto, 1804, South Africa","-26.2287139, 27.9382534",no,Pending,Pending,Pending,Pending,Standard,Not started,https://na.org.za/blog/meetings/noordgesig-wednesday-1800-2/
4239,Toekomsrus - Wednesday - 18h00,Johannesburg,Wednesday 18:00,in_person,"2 Diamant St, Toekomsrus, Randfontein, 1765, South Africa","-26.2020704, 27.7082052",no,Pending,Pending,Pending,Pending,Standard,Not started,https://na.org.za/blog/meetings/toekomsrus-wednesdays-18h00/
4150,Vosloorus - Wednesday - 18:00,Johannesburg,Wednesday 18:00,in_person,"3859 Sebati Rd, Vosloorus, 1475, South Africa","-26.3478219, 28.1900734",no,Pending,Pending,Pending,Pending,Standard,Not started,https://na.org.za/blog/meetings/vosloorus-wednesday-1800-2/
3453,Green Point JFT (F2F),Western Cape,Wednesday 18:00,in_person,"2 Somerset Rd, Green Point, Cape Town, 8001, South Africa","-33.9161263, 18.418842",no,Pending,Pending,Pending,Pending,Standard,Not started,https://na.org.za/blog/meetings/just-for-today-3a/
4376,Salt Rock Wednesday,Kwazulu-Natal,Wednesday 18:00,in_person,"14 Garden Rd, Umhlali Beach, Ballito, 4420, South Africa","-29.5039982, 31.2330596",no,Pending,Pending,Pending,Pending,Standard,Not started,https://na.org.za/blog/meetings/salt-rock-wednesday/
3454,Just For Today CPT - Online,Western Cape,Wednesday 18:00,online,"Western Cape, South Africa","-33.2277918, 21.8568586",yes,Pending,Not applicable,Pending,Pending,Standard,Not started,https://na.org.za/blog/meetings/just-for-today-3/
4169,Thembisa - Wednesday - 18:30,Johannesburg,Wednesday 18:30,in_person,"Congo St, Welomlambo, Thembisa, 1632, South Africa","-26.022636, 28.209684",no,Pending,Pending,Pending,Pending,Standard,Not started,https://na.org.za/blog/meetings/thembisa-na-meeting-wednesday-1830-2/
3535,Howick Wednesday,Kwazulu-Natal,Wednesday 18:30,in_person,"21 Buchanan St, Howick, 3290, South Africa","-29.4772844, 30.2192894",no,Pending,Pending,Pending,Pending,Standard,Not started,https://na.org.za/blog/meetings/howick-wednesday-mens-meeting/
3652,Wednesday New Life Meeting,Pretoria,Wednesday 18:45,in_person,"442 Koedoesnek Ave, Waterkloof Ridge, Pretoria, 0181, South Africa","-25.8164162, 28.2473089",no,Pending,Pending,Pending,Pending,Standard,Not started,https://na.org.za/blog/meetings/wednesday-new-life-meeting-open/
4178,Norscort - Wednesday - 19:00,Johannesburg,Wednesday 19:00,in_person,"16B Penguin Dr, Norscot, Sandton, 2055, South Africa","-26.0354488, 28.0073574",no,Pending,Pending,Pending,Pending,Standard,Not started,https://na.org.za/blog/meetings/norscort-wednesday-1900-2/
4193,Lenasia South - Wednesday - 19:00,Johannesburg,Wednesday 19:00,in_person,"Peacock St, Lenasia South, Lenasia, 1829, South Africa","-26.3810295, 27.8440875",no,Pending,Pending,Pending,Pending,Standard,Not started,https://na.org.za/blog/meetings/lenasia-south-wednesday-1900-3/
3455,Manenberg New Hope Meeting,Western Cape,Wednesday 19:00,in_person,"316 Manenberg Ave, Manenberg, Cape Town, 7767, South Africa","-33.997842, 18.5525082",no,Pending,Pending,Pending,Pending,Standard,Not started,https://na.org.za/blog/meetings/manenberg-new-hope-meeting/
4451,Crosby - Wednesday - 19:00,Johannesburg,Wednesday 19:00,in_person,"65 Foyle Ave, Crosby, Johannesburg, 2092, South Africa","-26.1924941, 27.9898643",no,Pending,Pending,Pending,Pending,Standard,Not started,https://na.org.za/blog/meetings/crosby-wednesday-1900/
4209,Boskruin - Wednesday - 19:00,Johannesburg,Wednesday 19:00,in_person,"71 CR Swart Dr, Boskruin, Randburg, 2188, South Africa","-26.0804468, 27.9462041",no,Pending,Pending,Pending,Pending,Standard,Not started,https://na.org.za/blog/meetings/boskruin-wednesday-1900-2/
4437,Buffelsdale Wednesday Meeting,Kwazulu-Natal,Wednesday 19:00,in_person,"85 Coronation Rd, Buffelsdale, oThongathi, 4401, South Africa","-29.5840307, 31.098078",no,Pending,Pending,Pending,Pending,Standard,Not started,https://na.org.za/blog/meetings/buffelsdale-wednesday-meeting/
3653,Wednesday Hillcrest Meeting,Pretoria,Wednesday 19:00,inactive,"St Wilfrid's Anglican Church, 96 Duxbury Rd, Hillcrest, Pretoria, 0083, South Africa","-25.7546412, 28.2368688",no,Pending,Pending,Pending,Pending,Standard,Not started,https://na.org.za/blog/meetings/topic-2/
4360,Spiritual Principles,Johannesburg,Wednesday 19:00,online,"Johannesburg, South Africa","-26.205647, 28.0337185",yes,Pending,Not applicable,Pending,Pending,Standard,Not started,https://na.org.za/blog/meetings/johannesburg-wednesday-700-pm/
3456,Knysna JFT (F2F),Western Cape,Wednesday 19:00,in_person,"Trotter St, Knysna Central, Knysna, 6570, South Africa","-34.037707, 23.0433059",no,Pending,Pending,Pending,Pending,Standard,Not started,https://na.org.za/blog/meetings/knysna-wednesday-700-pm/
3655,"I can't, we can - Wednesday",Pretoria,Wednesday 19:00,in_person,"296 Lancia St, Lynnwood Ridge, Pretoria, 0040, South Africa","-25.7633375, 28.2978082",no,Pending,Pending,Pending,Pending,Standard,Not started,https://na.org.za/blog/meetings/i-cant-we-can-wednesday/
3656,Wednesday Pride Meeting,Pretoria,Wednesday 19:00,in_person,"113 Monument Ave, Lyttelton Manor, Centurion, 0157, South Africa","-25.8326962, 28.204478",no,Pending,Pending,Pending,Pending,Standard,Not started,https://na.org.za/blog/meetings/lgbt/
3457,Somerset West,Western Cape,Wednesday 19:00,in_person,"82 Firmount Road, Goede Hoop, Cape Town, 7130, South Africa","-34.0654499, 18.8365601",no,Pending,Pending,Pending,Pending,Standard,Not started,https://na.org.za/blog/meetings/somerset-west/
3658,Proteapark Wednesday Meeting,Pretoria,Wednesday 19:00,hybrid,"25 Witstinkhout Ave, Protea Park, Rustenburg, 0305, South Africa","-25.6967838, 27.2175637",no,Pending,Pending,Pending,Pending,Standard,Not started,https://na.org.za/blog/meetings/proteapark-wednesday-meeting-open/
4392,Secunda Recovery Group - Wednesday - 19:00,Johannesburg,Wednesday 19:00,in_person,"2 Van Eck St, Secunda, 2302, South Africa","-26.5127508, 29.1998842",no,Pending,Pending,Pending,Pending,Standard,Not started,https://na.org.za/blog/meetings/secunda-recovery-group-wednesday-1900/
3537,City Group Wednesday,Kwazulu-Natal,Wednesday 19:00,in_person,"190 Saint Thomaslaan, Musgrave, Durban, 4001, South Africa","-29.8465841, 31.0005759",no,Pending,Pending,Pending,Pending,Standard,Not started,https://na.org.za/blog/meetings/city-group-wednesday/
3539,Westville Wednesday,Kwazulu-Natal,Wednesday 19:00,in_person,"38 Jan Hofmeyr Rd, Grayleigh, Westville, 3629, South Africa","-29.832945, 30.921567",no,Pending,Pending,Pending,Pending,Standard,Not started,https://na.org.za/blog/meetings/westville-wednesday/
3540,Austerville Wednesday,Kwazulu-Natal,Wednesday 19:00,in_person,"2 Petingo Grove, Austerville, Bluff, 4052, South Africa","-29.9409252, 30.9809018",no,Pending,Pending,Pending,Pending,Standard,Not started,https://na.org.za/blog/meetings/austerville-wednesday/
3459,Milnerton Wednesdays We Can,Western Cape,Wednesday 19:20,in_person,"37 Ascot Rd, Milnerton, Cape Town, 7441, South Africa","-33.8705651, 18.4989429",no,Pending,Pending,Pending,Pending,Standard,Not started,https://na.org.za/blog/meetings/wednesdays-we-can/
4061,Brackenhurst - Wednesday - 19:30,Johannesburg,Wednesday 19:30,in_person,"9 Toinette St, Brackenhurst, Alberton, 1453, South Africa","-26.333922, 28.1065805",no,Pending,Pending,Pending,Pending,Standard,Not started,https://na.org.za/blog/meetings/brackenhurst-wednesday-1930/
4066,Edenvale - Wednesday - 19:30,Johannesburg,Wednesday 19:30,in_person,"57 6th Ave, Edenvale, 1609, South Africa","-26.1437415, 28.1521307",no,Pending,Pending,Pending,Pending,Standard,Not started,https://na.org.za/blog/meetings/edenvale-wednesday-1930/
4072,Eldorado Park - Wednesday - 19:30,Johannesburg,Wednesday 19:30,in_person,"Ametis St & Goud St, Eldorado Park, Soweto, 1811, South Africa","-26.292326, 27.895403",no,Pending,Pending,Pending,Pending,Standard,Not started,https://na.org.za/blog/meetings/eldorado-park-wednesday-1930/
4076,Brixton Real Talk - Wednesday - 19:30 - Online,Johannesburg,Wednesday 19:30,online,"Brixton, Johannesburg, 2092, South Africa","-26.1925131, 27.9988462",yes,Pending,Not applicable,Pending,Pending,Standard,Not started,https://na.org.za/blog/meetings/brixton-real-talk/
3542,Chatsworth Wednesday - Step Work,Kwazulu-Natal,Wednesday 19:30,in_person,"369 Lenny Naidu Dr, Bayview, Durban, 4092, South Africa","-29.9176092, 30.9119898",no,Pending,Pending,Pending,Pending,Standard,Not started,https://na.org.za/blog/meetings/chatsworth-wednesday-step-work/
3458,Miracles and Milestones,Western Cape,Wednesday 19:30,in_person,"8 Franklin Rd, Claremont, Cape Town, 7708, South Africa","-33.9815106, 18.4796306",no,Pending,Pending,Pending,Pending,Standard,Not started,https://na.org.za/blog/meetings/miracles-milestones/
3544,NA PMB Group Wednesday,Kwazulu-Natal,Wednesday 19:30,in_person,"Swallow Rd, Belfort Estate, Pietermaritzburg, 3201, South Africa","-29.5585297, 30.3839953",no,Pending,Pending,Pending,Pending,Standard,Not started,https://na.org.za/blog/meetings/pmb-wednesday/
3660,Laudium Serenity Group Meeting,Pretoria,Wednesday 19:30,in_person,"229 Pearl St, Laudium, Centurion, 0037, South Africa","-25.7863207, 28.107015",no,Pending,Pending,Pending,Pending,Standard,Not started,https://na.org.za/blog/meetings/open-meeting/
4084,Northcliff - Wednesday - 19:30,Johannesburg,Wednesday 19:30,in_person,"Pendoring Rd, Northcliff, Randburg, 2115, South Africa","-26.1358857, 27.9624488",no,Pending,Pending,Pending,Pending,Standard,Not started,https://na.org.za/blog/meetings/northcliff-wednesday-1930/
4088,Parkhurst - Wednesday - 19:30,Johannesburg,Wednesday 19:30,in_person,"12th St & 5th Ave, Parkhurst, Randburg, 2193, South Africa","-26.1385847, 28.0155925",no,Pending,Pending,Pending,Pending,Standard,Not started,https://na.org.za/blog/meetings/parkhurst-wednesday-1930/
4096,Lenasia Ext.10 - Wednesday - 19:30,Johannesburg,Wednesday 19:30,in_person,"Volta St, Lenasia, 1821, South Africa","-26.3411609, 27.8656481",no,Pending,Pending,Pending,Pending,Standard,Not started,https://na.org.za/blog/meetings/narcotics-anonymous-lenz-ext-10/
4394,Wednesday Woodstock,Western Cape,Wednesday 19:30,in_person,"26 Dublin St, Woodstock, Cape Town, 7915, South Africa","-33.92816, 18.4526942",no,Pending,Pending,Pending,Pending,Standard,Not started,https://na.org.za/blog/meetings/woodstock-meeting/
4108,Wanderers - Wednesday - 19:30,Johannesburg,Wednesday 19:30,in_person,"Corlett Dr, Illovo, Sandton, South Africa","-26.1329353, 28.0564179",no,Pending,Pending,Pending,Pending,Standard,Not started,https://na.org.za/blog/meetings/wanderers-wednesday-1930-2/
3462,Wednesday Grow and Change,Western Cape,Wednesday 20:00,in_person,"55 Kreupelhout St, Lentegeur, Cape Town, 7786, South Africa","-34.03357, 18.61872",no,Pending,Pending,Pending,Pending,Standard,Not started,https://na.org.za/blog/meetings/mitchells-plain-grow-and-change-group/
3463,Grassy Park Courage to Change,Western Cape,Wednesday 20:00,in_person,"278 7th Ave, Lotus River, Cape Town, 7805, South Africa","-34.04461, 18.5106899",no,Pending,Pending,Pending,Pending,Standard,Not started,https://na.org.za/blog/meetings/grassy_park/
4343,Serenity@Sunrise,Johannesburg,Thursday 06:00,online,"Johannesburg, South Africa","-26.205647, 28.0337185",yes,Pending,Not applicable,Pending,Pending,Standard,Not started,https://na.org.za/blog/meetings/serenitysunrise-3/
4334,JFT Meeting,Johannesburg,Thursday 09:00,online,"Johannesburg, South Africa","-26.205647, 28.0337185",yes,Pending,Not applicable,Pending,Pending,Standard,Not started,https://na.org.za/blog/meetings/jft-online-4/
4112,Zola Soweto - Thursday - 11:30,Johannesburg,Thursday 11:30,in_person,"3131 Bolani Rd, Zola, Soweto, 1878, South Africa","-26.2485972, 27.8456092",no,Pending,Pending,Pending,Pending,Standard,Not started,https://na.org.za/blog/meetings/zola-thursday-1130-2-2/
3464,Observatory (Observatory Express),Western Cape,Thursday 13:00,in_person,"1 Roman Rd, Observatory, Cape Town, 7925, South Africa","-33.9395081, 18.4657819",no,Pending,Pending,Pending,Pending,Standard,Not started,https://na.org.za/blog/meetings/observatory-express/
4118,Bram Fischerville - Thursday - 16:00,Johannesburg,Thursday 16:00,in_person,"Unity Blvd, Roodepoort 237-Iq, Roodepoort 237-Iq, Roodepoort, 1725, South Africa","-26.18307, 27.86926",no,Pending,Pending,Pending,Pending,Standard,Not started,https://na.org.za/blog/meetings/soweto-thursday-1600-2/
4128,Braam Fischer - Thursday - 16:00,Johannesburg,Thursday 16:00,in_person,"Amandla Blvd, Braamfischerville, Soweto, 1875, South Africa","-26.2053763, 27.8617807",no,Pending,Pending,Pending,Pending,Standard,Not started,https://na.org.za/blog/meetings/braam-fischer-thursday-1600-2/
4354,Virtual Online Group (VOG),Johannesburg,Thursday 17:00,online,"Johannesburg, South Africa","-26.205647, 28.0337185",yes,Pending,Not applicable,Pending,Pending,Standard,Not started,https://na.org.za/blog/meetings/virtual-online-group-vog-4/
3662,Thursday Second Chance Meeting,Pretoria,Thursday 17:00,inactive,"Dr Ribane Cres, Mamelodi - MD1, Pretoria, 0122, South Africa","-25.705918, 28.357379",no,Pending,Pending,Pending,Pending,Standard,Not started,https://na.org.za/blog/meetings/thursday-second-chance-meeting/
4116,Alabama Klerksdorp - Thursday - 17:30,Johannesburg,Thursday 17:30,in_person,"86 Buitekant St, Alabama, Klerksdorp, 2577, South Africa","-26.8682917, 26.5885237",no,Pending,Pending,Pending,Pending,Standard,Not started,https://na.org.za/blog/meetings/alabama-klerksdorp-thursday-1730/
4152,Diepkloof - Thursday - 18:00,Johannesburg,Thursday 18:00,in_person,"7644 Eben Cuyler Dr, Diepkloof Zone 1, Diepkloof, 1862, South Africa","-26.2340331, 27.9389298",no,Pending,Pending,Pending,Pending,Standard,Not started,https://na.org.za/blog/meetings/diepkloof-thursdays-1800-2/
4167,Central Western Jabavu Soweto - Thursday - 18:00,Johannesburg,Thursday 18:00,in_person,"929 Leoatleng St, Jabavu, Soweto, 1800, South Africa","-26.2442514, 27.8760428",no,Pending,Pending,Pending,Pending,Standard,Not started,https://na.org.za/blog/meetings/central-western-jabavu-soweto-thursday-1800-2/
4408,Klerksdorp - Thursday - 18:00,Johannesburg,Thursday 18:00,in_person,"63 Alex St, Alabama, Klerksdorp, 2577, South Africa","-26.8728027, 26.5884986",no,Pending,Pending,Pending,Pending,Standard,Not started,https://na.org.za/blog/meetings/klerksdorp-thursday-1800/
3465,Beacon Of Hope NA,Western Cape,Thursday 18:00,in_person,"27 5th Ave, Struisbaai, 7285, South Africa","-34.7808286, 20.0345972",no,Pending,Pending,Pending,Pending,Standard,Not started,https://na.org.za/blog/meetings/beacon-of-hope-na/
3466,Just For Today CPT - Online,Western Cape,Thursday 18:00,online,"Western Cape, South Africa","-33.2277918, 21.8568586",yes,Pending,Not applicable,Pending,Pending,Standard,Not started,https://na.org.za/blog/meetings/greenpoint/
4181,Riverlea - Thursday - 18:30,Johannesburg,Thursday 18:30,in_person,"108 Colorado Dr, Riverlea, Johannesburg, 2093, South Africa","-26.2123634, 27.9740255",no,Pending,Pending,Pending,Pending,Standard,Not started,https://na.org.za/blog/meetings/riverlea-thursday-1830-2/
4191,Walkers Fruit Farms - Thursday - 18:30,Johannesburg,Thursday 18:30,in_person,"166 South Rd, Ophir AH, De Deur, 1961, South Africa","-26.5216254, 27.9896275",no,Pending,Pending,Pending,Pending,Standard,Not started,https://na.org.za/blog/meetings/walkers-fruit-farms-thursday-1830-3/
4385,Bosmont - Thursday - 18:30 - Temp Closed,Johannesburg,Thursday 18:30,inactive,"Albertina Sisulu Rd, Bosmont, Randburg, South Africa","-26.1883629, 27.9540195",no,Pending,Pending,Pending,Pending,Standard,Not started,https://na.org.za/blog/meetings/bosmont-thursday-1830/
3546,Hillcrest Thursday,Kwazulu-Natal,Thursday 18:30,in_person,"1A Old Main Rd, Hilldene, Hillcrest, 3610, South Africa","-29.7890833, 30.7743453",no,Pending,Pending,Pending,Pending,Standard,Not started,https://na.org.za/blog/meetings/hillcrest-thursday/
3548,Umhlanga Thursday,Kwazulu-Natal,Thursday 18:30,in_person,"6 Bruton Cl, Somerset Park, uMhlanga, 4319, South Africa","-29.7309956, 31.0577894",no,Pending,Pending,Pending,Pending,Standard,Not started,https://na.org.za/blog/meetings/umhlanga-thursday/
3550,Margate Thursday,Kwazulu-Natal,Thursday 18:30,in_person,"Valley Rd, Uvongo, Margate, 4270, South Africa","-30.8388475, 30.3797288",no,Pending,Pending,Pending,Pending,Standard,Not started,https://na.org.za/blog/meetings/margate-thursday/
3665,Thursday Rustenburg Meeting,Pretoria,Thursday 18:30,in_person,"Cuckoo Ave, Rustenburg, South Africa","-25.6992531, 27.2467375",no,Pending,Pending,Pending,Pending,Standard,Not started,https://na.org.za/blog/meetings/thursday-rustenburg-meeting-open/
3667,Thursday Thabazimbi Meeting,Pretoria,Thursday 18:30,inactive,"Judith St & Van Der Bijl St, Thabazimbi, 0387, South Africa","-24.5896733, 27.4085297",no,Pending,Pending,Pending,Pending,Standard,Not started,https://na.org.za/blog/meetings/thursday-thabazimbi-meeting-open/
4206,Krugersdorp - Thursday - 19:00,Johannesburg,Thursday 19:00,in_person,"29 Dippenaar Rd, Noordheuwel, Krugersdorp, 1739, South Africa","-26.08489, 27.80424",no,Pending,Pending,Pending,Pending,Standard,Not started,https://na.org.za/blog/meetings/krugersdorp-thursday-1900-2/
3552,Tongaat Thursday,Kwazulu-Natal,Thursday 19:00,in_person,"176 Belvedere Dr, Belvedere, oThongathi, 4399, South Africa","-29.5801463, 31.0833556",no,Pending,Pending,Pending,Pending,Standard,Not started,https://na.org.za/blog/meetings/tongaat-thursday/
3553,Umhlali Thursday,Kwazulu-Natal,Thursday 19:00,in_person,G6C8+MR oThongathi,"-29.4783125, 31.2170625",no,Pending,Pending,Pending,Pending,Standard,Not started,https://na.org.za/blog/meetings/umhlali-tuesday-2/
3583,Sydenham Men's Meeting,Kwazulu-Natal,Thursday 19:00,in_person,"14 College Rd, Overport, Berea, 4067, South Africa","-29.8337898, 30.9911451",no,Pending,Pending,Pending,Pending,Standard,Not started,https://na.org.za/blog/meetings/sydenham-saturday/
3669,Thursday Women's Meeting,Pretoria,Thursday 19:00,inactive,"645 Rudolf St, Constantia Park, Pretoria, 0010, South Africa","-25.8136525, 28.2779715",no,Pending,Pending,Pending,Pending,Standard,Not started,https://na.org.za/blog/meetings/womens-meeting/
3671,Thursday Bonfire,Pretoria,Thursday 19:00,in_person,"446 Zita St, Garsfontein, Pretoria, 0081, South Africa","-25.790382, 28.2971342",no,Pending,Pending,Pending,Pending,Standard,Not started,https://na.org.za/blog/meetings/new-meeting-thursday-700-pm/
3555,Richards Bay Thursday,Kwazulu-Natal,Thursday 19:00,in_person,"20 Brake Fern, Brackenham, Richards Bay, 3900, South Africa","-28.7243605, 32.0392194",no,Pending,Pending,Pending,Pending,Standard,Not started,https://na.org.za/blog/meetings/richards-bay-thursday/
4361,Spiritual Principles,Johannesburg,Thursday 19:00,online,"Johannesburg, South Africa","-26.205647, 28.0337185",yes,Pending,Not applicable,Pending,Pending,Standard,Not started,https://na.org.za/blog/meetings/spiritual-principles-4/
3467,Young People's Meeting,Western Cape,Thursday 19:00,in_person,"24 Service Rd, Muizenberg, Cape Town, 7945, South Africa","-34.0841507, 18.4552389",no,Pending,Pending,Pending,Pending,Standard,Not started,https://na.org.za/blog/meetings/young-peoples-meeting/
3674,Booysens Meeting - Thursday,Pretoria,Thursday 19:00,in_person,"1249 Beacon St, Booysens, Pretoria, 0082, South Africa","-25.7061819, 28.1229915",no,Pending,Pending,Pending,Pending,Standard,Not started,https://na.org.za/blog/meetings/booysens-meeting-thursday-open/
3676,Men's Meeting,Pretoria,Thursday 19:00,inactive,"17 Midas Ave, Olympus, Pretoria, 0081, South Africa","-25.8059801, 28.3394547",no,Pending,Pending,Pending,Pending,Standard,Not started,https://na.org.za/blog/meetings/mens-meeting/
3678,Thursday Queenswood Meeting,Pretoria,Thursday 19:00,in_person,"239 Stead Ave, Queenswood, Pretoria, 0186, South Africa","-25.7267404, 28.2456123",no,Pending,Pending,Pending,Pending,Standard,Not started,https://na.org.za/blog/meetings/topic/
3557,Phoenix Thursday,Kwazulu-Natal,Thursday 19:00,in_person,"70 Strandbrook Cres, Brookdale, Phoenix, 4068, South Africa","-29.6815596, 31.0036641",no,Pending,Pending,Pending,Pending,Standard,Not started,https://na.org.za/blog/meetings/phoenix-thursday/
3680,Thursday Rooihuiskraal,Pretoria,Thursday 19:00,in_person,"140 Hofsanger Rd, Rooihuiskraal, Centurion, 0154, South Africa","-25.8965748, 28.148525",no,Pending,Pending,Pending,Pending,Standard,Not started,https://na.org.za/blog/meetings/topic-4/
3468,Paarl Thursday,Western Cape,Thursday 19:00,in_person,"Malherbe Street & Pastorie Avenue, Esterville, Paarl, 7646, South Africa","-33.7339087, 18.9633592",no,Pending,Pending,Pending,Pending,Standard,Not started,https://na.org.za/blog/meetings/paarl/
3469,Noordhoek - New Way of Life,Western Cape,Thursday 19:10,in_person,"Avondrust Cir, Chapmans Peak, Cape Town, South Africa","-34.0984849, 18.37518",no,Pending,Pending,Pending,Pending,Standard,Not started,https://na.org.za/blog/meetings/noordhoek-new-way-of-life-2/
4403,Glenvista - Thursday - 19:15,Johannesburg,Thursday 19:15,in_person,"10 Tehore Rd, Mulbarton, Johannesburg South, 2059, South Africa","-26.2976865, 28.0516678",no,Pending,Pending,Pending,Pending,Standard,Not started,https://na.org.za/blog/meetings/on-course-recovery-thursday-1915/
4230,Weltevreden Park - Thursday - 19:30,Johannesburg,Thursday 19:30,in_person,"1140 Cornelius St, Weltevredenpark, Johannesburg, 1709, South Africa","-26.126518, 27.9261138",no,Pending,Pending,Pending,Pending,Standard,Not started,https://na.org.za/blog/meetings/weltevreden-park-thursdays-1930/
4247,Bryanston - Thursday - 19:30,Johannesburg,Thursday 19:30,in_person,"115 Grosvenor Rd, Bryanston, Sandton, 2191, South Africa","-26.0610292, 28.026975",no,Pending,Pending,Pending,Pending,Standard,Not started,https://na.org.za/blog/meetings/bryanston-thursday-1930/
4183,Northcliff - Thursday - 19:30 (LGBTQ),Johannesburg,Thursday 19:30,in_person,"45 Lily Ave, Northcliff, Johannesburg, 2115, South Africa","-26.1455297, 27.9819697",no,Pending,Pending,Pending,Pending,Standard,Not started,https://na.org.za/blog/meetings/northcliff-lgbtq-thursday-2/
4160,Alberton - Thursday - 19:30,Johannesburg,Thursday 19:30,in_person,"Alwyn Taljaard Ave, New Redruth, Alberton, 1449, South Africa","-26.2646736, 28.1237073",no,Pending,Pending,Pending,Pending,Standard,Not started,https://na.org.za/blog/meetings/alberton-thursday-1930/
3561,Newlands West Thursday,Kwazulu-Natal,Thursday 19:30,in_person,"Hilldale Dr & Jackscastle Ave, Steelcastle, Newlands West, 4037, South Africa","-29.772492, 30.952176",no,Pending,Pending,Pending,Pending,Standard,Not started,https://na.org.za/blog/meetings/newlands-west-thursday/
4211,Midrand - Thursday - 19:30,Johannesburg,Thursday 19:30,in_person,"Harry Galaun Dr, Halfway Gardens, Midrand, South Africa","-25.9864089, 28.111886",no,Pending,Pending,Pending,Pending,Standard,Not started,https://na.org.za/blog/meetings/midrand-thursday-1930-2/
3563,Together We Can - Fynnlands Group,Kwazulu-Natal,Thursday 19:30,in_person,"400 Lighthouse Rd, Fynnlands, Durban, 4052, South Africa","-29.9039724, 31.0279707",no,Pending,Pending,Pending,Pending,Standard,Not started,https://na.org.za/blog/meetings/fynnlands-thursday/
3470,Mitchell's Plain From The Streets to The Seats,Western Cape,Thursday 19:30,in_person,"WJQP+8X, Mitchells Plain, Cape Town, South Africa","-34.0616875, 18.6374375",no,Pending,Pending,Pending,Pending,Standard,Not started,https://na.org.za/blog/meetings/mitchells-plain-from-the-streets-to-the-seats/
3559,Queensburgh Thursday,Kwazulu-Natal,Thursday 19:30,in_person,"420 Main Rd, Escombe, Queensburgh, 4093, South Africa","-29.8721264, 30.8995396",no,Pending,Pending,Pending,Pending,Standard,Not started,https://na.org.za/blog/meetings/thursday-queensburgh/
3565,PMB Northdale Thursday,Kwazulu-Natal,Thursday 19:30,in_person,"635 Dr Chota Motala Rd, Raisethorpe, Pietermaritzburg, 3201, South Africa","-29.5604387, 30.4080177",no,Pending,Pending,Pending,Pending,Standard,Not started,https://na.org.za/blog/meetings/pmb-friday/
4185,Forest Town - Thursday - 19:30,Johannesburg,Thursday 19:30,in_person,"1 Talton Rd, Forest Town, Johannesburg, 2193, South Africa","-26.1710512, 28.0341868",no,Pending,Pending,Pending,Pending,Standard,Not started,https://na.org.za/blog/meetings/forest-town-thursday-1930/
3472,Edgemead Thursday Night Meeting,Western Cape,Thursday 19:45,in_person,"Louis Thibault Dr & Letchworth Dr, Edgemead, Cape Town, 7407, South Africa","-33.87035, 18.5482145",no,Pending,Pending,Pending,Pending,Standard,Not started,https://na.org.za/blog/meetings/na-edgemead-narcotics-anonymous-cape-town-keep-it-simple-na-thursday-na-meeting-na-support-group-western-cape-na-speaker-meeting-edgemead/
3473,Bellville Boston,Western Cape,Thursday 20:00,in_person,"Lingen St, Lingen, Cape Town, 7530, South Africa","-33.898792, 18.624305",no,Pending,Pending,Pending,Pending,Standard,Not started,https://na.org.za/blog/meetings/bellville/
3474,Heathfield Welcome Home,Western Cape,Thursday 20:00,in_person,"Gordon Rd & 2nd Rd, Heathfield, Cape Town, 7945, South Africa","-34.045342, 18.468191",no,Pending,Pending,Pending,Pending,Standard,Not started,https://na.org.za/blog/meetings/welcome-home/
3475,Observatory (Beginners Group),Western Cape,Thursday 20:00,in_person,"Rawson St, Observatory, Cape Town, 7925, South Africa","-33.9373782, 18.4692416",no,Pending,Pending,Pending,Pending,Standard,Not started,https://na.org.za/blog/meetings/beginners-group/
4412,Page by Page Online,Western Cape,Thursday 20:00,online,"Western Cape, South Africa","-33.2277918, 21.8568586",yes,Pending,Not applicable,Pending,Pending,Standard,Not started,https://na.org.za/blog/meetings/page-by-page/
4344,Serenity@Sunrise,Johannesburg,Friday 06:00,online,"Johannesburg, South Africa","-26.205647, 28.0337185",yes,Pending,Not applicable,Pending,Pending,Standard,Not started,https://na.org.za/blog/meetings/serenitysunrise-4/
4335,JFT Meeting,Johannesburg,Friday 09:00,online,"Johannesburg, South Africa","-26.205647, 28.0337185",yes,Pending,Not applicable,Pending,Pending,Standard,Not started,https://na.org.za/blog/meetings/jft-online-5/
4409,Klerksdorp - Friday - 10:00,Johannesburg,Friday 10:00,in_person,"63 Alex St, Alabama, Klerksdorp, 2577, South Africa","-26.8728027, 26.5884986",no,Pending,Pending,Pending,Pending,Standard,Not started,https://na.org.za/blog/meetings/klerksdorp-friday-1000/
4244,Diepsloot - Friday - 10:30,Johannesburg,Friday 10:30,in_person,"Albert St, Diepsloot West 4, Diepsloot, 2189, South Africa","-25.9401271, 28.0188551",no,Pending,Pending,Pending,Pending,Standard,Not started,https://na.org.za/blog/meetings/diepsloot-friday-1030-2/
4256,Snake Park – Friday – 12:00,Johannesburg,Friday 12:00,in_person,"Azalia Ave, Soweto, 1874, South Africa","-26.237257, 27.8092432",no,Pending,Pending,Pending,Pending,Standard,Not started,https://na.org.za/blog/meetings/snake-park-friday-1200-2/
3476,Freaky Fridays,Western Cape,Friday 12:15,in_person,"294 Main Rd, Kenilworth, Cape Town, 7708, South Africa","-33.9977512, 18.4680595",no,Pending,Pending,Pending,Pending,Standard,Not started,https://na.org.za/blog/meetings/freaky-fridays/
4266,Soweto - Friday - 16:00,Johannesburg,Friday 16:00,in_person,"Unity Blvd, Roodepoort 237-Iq, Roodepoort 237-Iq, Roodepoort, 1725, South Africa","-26.18307, 27.86926",no,Pending,Pending,Pending,Pending,Standard,Not started,https://na.org.za/blog/meetings/soweto-friday-1600/
3567,Scottburgh Friday,Kwazulu-Natal,Friday 16:30,in_person,"Ann Arbor Rd, Scottburgh South, Scottburgh, 4180, South Africa","-30.299018, 30.746164",no,Pending,Pending,Pending,Pending,Standard,Not started,https://na.org.za/blog/meetings/scottburgh-friday/
4288,Kagiso - Friday - 16:30,Johannesburg,Friday 16:30,in_person,"2998 Kagiso Ave, Kagiso, Johannesburg, 1754, South Africa","-26.1588623, 27.7831238",no,Pending,Pending,Pending,Pending,Standard,Not started,https://na.org.za/blog/meetings/kagiso-friday-1700/
3477,"Living Miracles, Mosselbay",Western Cape,Friday 17:00,in_person,"113 Montagu St, Mossel Bay Central, Mossel Bay, 6500, South Africa","-34.1831084, 22.1395401",no,Pending,Pending,Pending,Pending,Standard,Not started,https://na.org.za/blog/meetings/living-miracles/
4355,Johannesburg Friday 5:00 pm,Johannesburg,Friday 17:00,online,"Johannesburg, South Africa","-26.205647, 28.0337185",yes,Pending,Not applicable,Pending,Pending,Standard,Not started,https://na.org.za/blog/meetings/johannesburg-friday-500-pm/
3682,Friday Second Chance Meeting,Pretoria,Friday 17:00,inactive,"Dr Ribane Cres, Mamelodi - MD1, Pretoria, 0122, South Africa","-25.705918, 28.357379",no,Pending,Pending,Pending,Pending,Standard,Not started,https://na.org.za/blog/meetings/friday-second-chance-meeting/
4133,Toekomsrus - Friday - 18h00,Johannesburg,Friday 18:00,in_person,"2 Diamant St, Toekomsrus, Randfontein, 1765, South Africa","-26.2020704, 27.7082052",no,Pending,Pending,Pending,Pending,Standard,Not started,https://na.org.za/blog/meetings/toekomsrus-wednesdays-18h00-2/
4205,Vosloorus - Friday - 18:00,Johannesburg,Friday 18:00,in_person,"3859 Sebati Rd, Vosloorus, 1475, South Africa","-26.3478219, 28.1900734",no,Pending,Pending,Pending,Pending,Standard,Not started,https://na.org.za/blog/meetings/vosloorus-friday-1800/
4227,Ferndale - Friday - 18:00,Johannesburg,Friday 18:00,in_person,"420 York Ave, Ferndale, Randburg, 2194, South Africa","-26.0803796, 27.9951143",no,Pending,Pending,Pending,Pending,Standard,Not started,https://na.org.za/blog/meetings/ferndale-friday-1800-2/
4234,Boskruin - Friday - 18:00,Johannesburg,Friday 18:00,in_person,"Hawken Ave & President Fouche Dr, Boskruin, Randburg, 2188, South Africa","-26.0877802, 27.9581916",no,Pending,Pending,Pending,Pending,Standard,Not started,https://na.org.za/blog/meetings/boskriun-friday-2/
4249,Soweto Dube - Friday - 18:00,Johannesburg,Friday 18:00,in_person,"Mahalefele Rd, Dube, Soweto, 1801, South Africa","-26.2383639, 27.8948896",no,Pending,Pending,Pending,Pending,Standard,Not started,https://na.org.za/blog/meetings/soweto-dube-fridays-1830-3-2/
3478,Durbanville Friday Keep Coming Back,Western Cape,Friday 18:00,in_person,"5 Louw St, Durbanville, Cape Town, 7550, South Africa","-33.8332707, 18.6511041",no,Pending,Pending,Pending,Pending,Standard,Not started,https://na.org.za/blog/meetings/durbanville-2/
3479,Friday Kommetjie - Kom Recover,Western Cape,Friday 18:00,in_person,"4 Lighthouse Rd, Kommetjie, Cape Town, 7976, South Africa","-34.1417785, 18.3243449",no,Pending,Pending,Pending,Pending,Standard,Not started,https://na.org.za/blog/meetings/st-josephs-church-friday-500-pm/
4372,Friday Mamelodi West,Pretoria,Friday 18:00,in_person,"19 Sweba St, Mamelodi - CA3, Pretoria, 0122, South Africa","-25.7086463, 28.3369821",no,Pending,Pending,Pending,Pending,Standard,Not started,https://na.org.za/blog/meetings/mamelodi-west-open2/
3480,Green Point JFT (F2F),Western Cape,Friday 18:00,in_person,"2 Somerset Rd, Green Point, Cape Town, 8001, South Africa","-33.9161263, 18.418842",no,Pending,Pending,Pending,Pending,Standard,Not started,https://na.org.za/blog/meetings/green-point/
3569,Salt Rock Friday Beach Meeting,Kwazulu-Natal,Friday 18:00,in_person,"14 Garden Rd, Umhlali Beach, Ballito, 4420, South Africa","-29.5039982, 31.2330596",no,Pending,Pending,Pending,Pending,Standard,Not started,https://na.org.za/blog/meetings/friday-ballito-beach-meeting/
3570,Howick Friday,Kwazulu-Natal,Friday 18:00,in_person,"21 Buchanan St, Howick, 3290, South Africa","-29.4772844, 30.2192894",no,Pending,Pending,Pending,Pending,Standard,Not started,https://na.org.za/blog/meetings/howick-friday/
3481,Blouberg Friday,Western Cape,Friday 18:00,in_person,"Soccer Clb, Table View, Cape Town, 7439, South Africa","-33.8268129, 18.4868162",no,Pending,Pending,Pending,Pending,Standard,Not started,https://na.org.za/blog/meetings/blouberg-2/
3482,Just For Today CPT - Online,Western Cape,Friday 18:00,online,"Western Cape, South Africa","-33.2277918, 21.8568586",yes,Pending,Not applicable,Pending,Pending,Standard,Not started,https://na.org.za/blog/meetings/green-point-just-for-today/
4216,Tembisa - Friday -18:30,Johannesburg,Friday 18:30,in_person,"Congo St, Welomlambo, Thembisa, 1632, South Africa","-26.022636, 28.209684",no,Pending,Pending,Pending,Pending,Standard,Not started,https://na.org.za/blog/meetings/tembisa-friday-1830/
4241,Edenvale - Friday - 19:00,Johannesburg,Friday 19:00,in_person,"68 6th Ave, Edenvale, 1609, South Africa","-26.1427833, 28.1509397",no,Pending,Pending,Pending,Pending,Standard,Not started,https://na.org.za/blog/meetings/edenvale-friday-1900-2/
3684,Friday Constantia Meeting,Pretoria,Friday 19:00,in_person,"Lea St & Judith St, Waterkloof Glen, Pretoria, 0010, South Africa","-25.8044349, 28.280266",no,Pending,Pending,Pending,Pending,Standard,Not started,https://na.org.za/blog/meetings/group-living-clean-format-literature-study/
3686,Friday Eersterus,Pretoria,Friday 19:00,inactive,"Eersterust, Pretoria, 0021, South Africa","-25.705664, 28.3140488",yes,Pending,Pending,Pending,Pending,High,Not started,https://na.org.za/blog/meetings/eersterus-2/
3573,Phoenix Friday,Kwazulu-Natal,Friday 19:00,in_person,"205 Canehaven Dr, Foresthaven, Phoenix, 4068, South Africa","-29.6862367, 31.017549",no,Pending,Pending,Pending,Pending,Standard,Not started,https://na.org.za/blog/meetings/phoenix-friday/
3483,Living Queer Literature,Western Cape,Friday 19:00,in_person,"Cedar Ave, Pinelands, Cape Town, 7405, South Africa","-33.9365957, 18.5125672",no,Pending,Pending,Pending,Pending,Standard,Not started,https://na.org.za/blog/meetings/living-queer-lit/
3572,Musgrave Friday,Kwazulu-Natal,Friday 19:00,in_person,"225 Musgrave Rd, Berea, Durban, 4001, South Africa","-29.8459121, 31.0009783",no,Pending,Pending,Pending,Pending,Standard,Not started,https://na.org.za/blog/meetings/musgrave-friday/
4362,Spiritual Principles,Johannesburg,Friday 19:00,online,"Johannesburg, South Africa","-26.205647, 28.0337185",yes,Pending,Not applicable,Pending,Pending,Standard,Not started,https://na.org.za/blog/meetings/spiritual-principles-5/
4366,Virtual Online Group (VOG),Johannesburg,Friday 19:00,online,"Johannesburg, South Africa","-26.205647, 28.0337185",yes,Pending,Not applicable,Pending,Pending,Standard,Not started,https://na.org.za/blog/meetings/virtual-online-group-vog-7/
3688,Friday Lyttleton,Pretoria,Friday 19:00,inactive,"146 Union Ave, Lyttelton Manor, Centurion, 0157, South Africa","-25.8298077, 28.2058227",no,Pending,Pending,Pending,Pending,Standard,Not started,https://na.org.za/blog/meetings/speaker/
3484,Friday Muizenberg,Western Cape,Friday 19:00,in_person,"5 Marchmont Rd, Muizenberg, Cape Town, 7950, South Africa","-34.104611, 18.4671755",no,Pending,Pending,Pending,Pending,Standard,Not started,https://na.org.za/blog/meetings/muizenberg/
3485,Helderberg Friday,Western Cape,Friday 19:00,in_person,"28 Bright St, Somerset West, Cape Town, 7130, South Africa","-34.0807001, 18.8452615",no,Pending,Pending,Pending,Pending,Standard,Not started,https://na.org.za/blog/meetings/helderberg/
3574,Austerville Friday,Kwazulu-Natal,Friday 19:00,in_person,"2 Petingo Grove, Austerville, Bluff, 4052, South Africa","-29.9409252, 30.9809018",no,Pending,Pending,Pending,Pending,Standard,Not started,https://na.org.za/blog/meetings/austerville-friday/
4285,Benmore - Friday - 19:30,Johannesburg,Friday 19:30,in_person,"1 Pam Rd, Morningside, Sandton, 2057, South Africa","-26.0980843, 28.0510705",no,Pending,Pending,Pending,Pending,Standard,Not started,https://na.org.za/blog/meetings/benmore-tuesdays-1930-2/
4228,Linden - Friday - 19:30,Johannesburg,Friday 19:30,in_person,"272 York Ave, Ferndale, Randburg, 2194, South Africa","-26.0965298, 27.9920091",no,Pending,Pending,Pending,Pending,Standard,Not started,https://na.org.za/blog/meetings/linden-friday-1930/
3575,PMB Midlands Friday,Kwazulu-Natal,Friday 19:30,in_person,"40 Gaysingh Rd, Northdale, Pietermaritzburg, 3201, South Africa","-29.5662035, 30.3911176",no,Pending,Pending,Pending,Pending,Standard,Not started,https://na.org.za/blog/meetings/pmb-midlands-friday/
4233,Daxina - Friday - 19:30,Johannesburg,Friday 19:30,in_person,"556 Chester St, Lenasia South, Johannesburg, 1829, South Africa","-26.3967209, 27.853189",no,Pending,Pending,Pending,Pending,Standard,Not started,https://na.org.za/blog/meetings/lenasia-south-fridays-1930/
3577,Sydenham Friday,Kwazulu-Natal,Friday 19:30,in_person,"262 Daintree Ave, Asherville, Berea, 4091, South Africa","-29.8259055, 30.9866399",no,Pending,Pending,Pending,Pending,Standard,Not started,https://na.org.za/blog/meetings/sydenham-friday/
3486,One Addict Helping Another,Western Cape,Friday 20:00,in_person,"Weltevreden Dr & Spine Rd, Rocklands, Cape Town, 7798, South Africa","-34.0659804, 18.6012716",no,Pending,Pending,Pending,Pending,Standard,Not started,https://na.org.za/blog/meetings/mitchells-plain/
4345,Serenity@Sunrise,Johannesburg,Saturday 06:00,online,"Johannesburg, South Africa","-26.205647, 28.0337185",yes,Pending,Not applicable,Pending,Pending,Standard,Not started,https://na.org.za/blog/meetings/serenitysunrise-5/
3690,Saturday Hillcrest,Pretoria,Saturday 08:00,in_person,"St Wilfrid's Anglican Church, 96 Duxbury Rd, Hillcrest, Pretoria, 0083, South Africa","-25.7546412, 28.2368688",no,Pending,Pending,Pending,Pending,Standard,Not started,https://na.org.za/blog/meetings/welcome-to-the-newcomer/
3487,Knysna JFT (F2F),Western Cape,Saturday 08:30,in_person,"Trotter St, Knysna Central, Knysna, 6570, South Africa","-34.037707, 23.0433059",no,Pending,Pending,Pending,Pending,Standard,Not started,https://na.org.za/blog/meetings/knysna-wednesday-700-pm-2/
3579,Scottsville Saturday Online,Kwazulu-Natal,Saturday 08:30,online,"Scottsville, Pietermaritzburg, 3201, South Africa","-29.6162454, 30.3960724",yes,Pending,Not applicable,Pending,Pending,Standard,Not started,https://na.org.za/blog/meetings/scottsville-saturday-online/
4243,Sandhurst - Saturday - Peacock Group - 09:00,Johannesburg,Saturday 09:00,in_person,"50 Saxon Rd, Sandhurst, Sandton, 2196, South Africa","-26.1082, 28.03823",no,Pending,Pending,Pending,Pending,Standard,Not started,https://na.org.za/blog/meetings/huringham-saturday-0900/
4250,Soweto - Saturday - 09:00,Johannesburg,Saturday 09:00,in_person,"827 Elias Motsoaledi Rd, Rockville, Soweto, 1818, South Africa","-26.2577127, 27.885626",no,Pending,Pending,Pending,Pending,Standard,Not started,https://na.org.za/blog/meetings/soweto-saturday-0900-2/
4258,Randfontein - Saturday - 09:00,Johannesburg,Saturday 09:00,in_person,"Ralerata St, Mohlakeng, Randfontein, 1759, South Africa","-26.2265585, 27.6972899",no,Pending,Pending,Pending,Pending,Standard,Not started,https://na.org.za/blog/meetings/randfontein-saturday-0900-2/
4336,JFT Meeting,Johannesburg,Saturday 09:00,online,"Johannesburg, South Africa","-26.205647, 28.0337185",yes,Pending,Not applicable,Pending,Pending,Standard,Not started,https://na.org.za/blog/meetings/jft-online-6/
3488,Kuilsriver Saturday,Western Cape,Saturday 09:00,in_person,"7 Carinus St, Kuils River, Cape Town, 7580, South Africa","-33.9271836, 18.678144",no,Pending,Pending,Pending,Pending,Standard,Not started,https://na.org.za/blog/meetings/kuilsriver/
3581,Scottburgh Saturday,Kwazulu-Natal,Saturday 09:00,in_person,"Marine Terrace, Scottburgh, 4180, South Africa","-30.2848329, 30.7581999",no,Pending,Pending,Pending,Pending,Standard,Not started,https://na.org.za/blog/meetings/scottburgh-saturday/
4267,Bedfordview - Saturday - 09:00,Johannesburg,Saturday 09:00,in_person,"3 Oxford Rd, Bedford Gardens, Johannesburg, 2007, South Africa","-26.193428, 28.1202789",no,Pending,Pending,Pending,Pending,Standard,Not started,https://na.org.za/blog/meetings/bedfordview-saturday-0900-2/
3489,Pink Cloud,Western Cape,Saturday 09:30,online,"Western Cape, South Africa","-33.2277918, 21.8568586",yes,Pending,Not applicable,Pending,Pending,Standard,Not started,https://na.org.za/blog/meetings/pink-cloud-2/
4279,Eldorado Park - Saturday - 10:00,Johannesburg,Saturday 10:00,inactive,"Eldorado Park, Soweto, 1811, South Africa","-26.2894207, 27.8956062",yes,Pending,Pending,Pending,Pending,High,Not started,https://na.org.za/blog/meetings/eldorado-park-saturday-1000-2/
3585,IsiZulu Saturday,Kwazulu-Natal,Saturday 14:00,in_person,"2 Cathedral Rd, Durban Central, Durban, 4001, South Africa","-29.8572211, 31.015922",no,Pending,Pending,Pending,Pending,Standard,Not started,https://na.org.za/blog/meetings/isizulu-saturday/
3490,Lotus River Every Step Counts,Western Cape,Saturday 14:00,in_person,"St Clements Way, Lotus River, Cape Town, 7805, South Africa","-34.04347, 18.511869",no,Pending,Pending,Pending,Pending,Standard,Not started,https://na.org.za/blog/meetings/lotus-river-every-step-counts/
3491,I Can't We Can - Mitchells Plain,Western Cape,Saturday 15:00,in_person,"Weltevreden Dr & Spine Rd, Rocklands, Cape Town, 7798, South Africa","-34.0659804, 18.6012716",no,Pending,Pending,Pending,Pending,Standard,Not started,https://na.org.za/blog/meetings/mitchells_plein/
3587,Phoenix Saturday,Kwazulu-Natal,Saturday 15:00,in_person,"Strandbrook Cres & Towerbrook Cres, Brookdale, Phoenix, 4068, South Africa","-29.681745, 31.003895",no,Pending,Pending,Pending,Pending,Standard,Not started,https://na.org.za/blog/meetings/phoenix-saturday/
3589,Umzinto Saturday,Kwazulu-Natal,Saturday 15:00,in_person,"Ocean View Rd, Hazelwood, eMuziwezinto, 4200, South Africa","-30.3008269, 30.6732368",no,Pending,Pending,Pending,Pending,Standard,Not started,https://na.org.za/blog/meetings/umzinto-saturday/
3590,Redhill Saturday,Kwazulu-Natal,Saturday 16:00,in_person,"8 Firwood Rd, Greenwood Park, Durban North, 4051, South Africa","-29.7778036, 31.0205178",no,Pending,Pending,Pending,Pending,Standard,Not started,https://na.org.za/blog/meetings/redhill-friday/
3592,Tongaat Saturday,Kwazulu-Natal,Saturday 16:00,in_person,"1 Victoria Ave, Gandhi`s Hill, oThongathi, 4400, South Africa","-29.5708341, 31.1198791",no,Pending,Pending,Pending,Pending,Standard,Not started,https://na.org.za/blog/meetings/tongaat-saturday/
3492,Saturday Observatory,Western Cape,Saturday 16:30,in_person,"Rawson St & Collingwood Rd, Observatory, Cape Town, 7925, South Africa","-33.9368288, 18.4690212",no,Pending,Pending,Pending,Pending,Standard,Not started,https://na.org.za/blog/meetings/observatory-2/
3594,Ballito Saturday,Kwazulu-Natal,Saturday 17:00,in_person,"51 Compensation Beach Rd, Ballito, 4399, South Africa","-29.5405315, 31.2163216",no,Pending,Pending,Pending,Pending,Standard,Not started,https://na.org.za/blog/meetings/ballito-saturday/
4300,Blairgowrie - Saturday - 17:00,Johannesburg,Saturday 17:00,in_person,"8 Park Ln, Blairgowrie, Randburg, 2194, South Africa","-26.1155198, 28.0129043",no,Pending,Pending,Pending,Pending,Standard,Not started,https://na.org.za/blog/meetings/blairgowrie-saturday-1700-2/
3691,Saturday Hillcrest Meeting (Afternoon),Pretoria,Saturday 17:00,in_person,"St Wilfrid's Anglican Church, 96 Duxbury Rd, Hillcrest, Pretoria, 0083, South Africa","-25.7546412, 28.2368688",no,Pending,Pending,Pending,Pending,Standard,Not started,https://na.org.za/blog/meetings/speaker-meeting/
4356,Virtual Online Group (VOG),Johannesburg,Saturday 17:00,online,"Johannesburg, South Africa","-26.205647, 28.0337185",yes,Pending,Not applicable,Pending,Pending,Standard,Not started,https://na.org.za/blog/meetings/virtual-online-group-vog-5/
3493,Crawford Living Clean,Western Cape,Saturday 17:00,in_person,"86 Lawrence Rd, Athlone, Cape Town, 7760, South Africa","-33.965281, 18.502987",no,Pending,Pending,Pending,Pending,Standard,Not started,https://na.org.za/blog/meetings/crawford/
4311,Senaone Soweto - Saturday - 17:30,Johannesburg,Saturday 17:30,in_person,"1607 Kanya Rd, Senaoane, Soweto, 1818, South Africa","-26.27807, 27.861969",no,Pending,Pending,Pending,Pending,Standard,Not started,https://na.org.za/blog/meetings/phiri-primary-purpose-monday-1800/
3595,NA PMB Group Saturday,Kwazulu-Natal,Saturday 17:30,in_person,"Swallow Rd, Belfort Estate, Pietermaritzburg, 3201, South Africa","-29.5585297, 30.3839953",no,Pending,Pending,Pending,Pending,Standard,Not started,https://na.org.za/blog/meetings/pmb-saturday/
4320,Bryanston - Saturday - 18:00,Johannesburg,Saturday 18:00,in_person,"253 Bryanston Dr, Bryanston, Sandton, 2191, South Africa","-26.0473815, 28.0318823",no,Pending,Pending,Pending,Pending,Standard,Not started,https://na.org.za/blog/meetings/bryanston-saturday-1800-2/
3494,Just For Today CPT - Online,Western Cape,Saturday 18:00,online,"Western Cape, South Africa","-33.2277918, 21.8568586",yes,Pending,Not applicable,Pending,Pending,Standard,Not started,https://na.org.za/blog/meetings/green-point-topic-meeting-share-2/
4396,Goodwood Saturday Night,Western Cape,Saturday 19:00,in_person,"3HQ2+H6 Goodwood, Cape Town","-33.9110625, 18.5505625",no,Pending,Pending,Pending,Pending,Standard,Not started,https://na.org.za/blog/meetings/goodwood/
4363,Spiritual Principles,Johannesburg,Saturday 19:00,online,"Johannesburg, South Africa","-26.205647, 28.0337185",yes,Pending,Not applicable,Pending,Pending,Standard,Not started,https://na.org.za/blog/meetings/spiritual-principles-6/
3496,Saturday Night Live,Western Cape,Saturday 19:00,in_person,"294 Main Rd, Kenilworth, Cape Town, 7708, South Africa","-33.9977512, 18.4680595",no,Pending,Pending,Pending,Pending,Standard,Not started,https://na.org.za/blog/meetings/kenilworth-3/
3597,Pinetown Saturday,Kwazulu-Natal,Saturday 19:00,in_person,"2 Maurice Nichols Rd, Hatton Estate, Pinetown, 3610, South Africa","-29.8247912, 30.8658715",no,Pending,Pending,Pending,Pending,Standard,Not started,https://na.org.za/blog/meetings/pinetown-saturday/
4284,Oaklands - Saturday - 19:30 (Bonfire),Johannesburg,Saturday 19:30,inactive,"41 Pretoria St, Oaklands, Sandton, 2192, South Africa","-26.1441326, 28.0710062",no,Pending,Pending,Pending,Pending,Standard,Not started,https://na.org.za/blog/meetings/bonfire-saturday-2/
4365,Saturday Night Owl-12 past 11,Johannesburg,Saturday 23:00,online,"Johannesburg, South Africa","-26.205647, 28.0337185",yes,Pending,Not applicable,Pending,Pending,Standard,Not started,https://na.org.za/blog/meetings/midnight-meeting/
4413,Outreach - Saturday - 00:00 - Online,Johannesburg,Saturday 23:59,online,"Johannesburg, South Africa","-26.205647, 28.0337185",yes,Pending,Not applicable,Pending,Pending,Standard,Not started,https://na.org.za/blog/meetings/outreach-12-past-midnight-meeting-2/
3124,CT Women’s Meeting,Western Cape,Unknown 04:00,in_person,"Campground Rd, Rosebank, Cape Town, 7700, South Africa","-33.9539158, 18.4809661",no,Pending,Pending,Pending,Pending,Standard,Not started,https://na.org.za/blog/meetings/ct-womens-meeting/
4346,Serenity@Sunrise,Johannesburg,Unknown 06:00,online,"Johannesburg, South Africa","-26.205647, 28.0337185",yes,Pending,Not applicable,Pending,Pending,Standard,Not started,https://na.org.za/blog/meetings/serenitysunrise-6/
3599,Durban Beach Sunday,Kwazulu-Natal,Unknown 08:00,in_person,"114 Snell Parade, North Beach, Durban, 4001, South Africa","-29.8446648, 31.0355797",no,Pending,Pending,Pending,Pending,Standard,Not started,https://na.org.za/blog/meetings/durban-beach-sunday/
4327,Sydenham - Sunday - 09:00,Johannesburg,Unknown 09:00,hybrid,"27 George Ave, Fairmount, Johannesburg, 2192, South Africa","-26.1479358, 28.1016727",no,Pending,Pending,Pending,Pending,Standard,Not started,https://na.org.za/blog/meetings/sydenham-meeting-3/
4337,JFT Meeting,Johannesburg,Unknown 09:00,online,"Johannesburg, South Africa","-26.205647, 28.0337185",yes,Pending,Not applicable,Pending,Pending,Standard,Not started,https://na.org.za/blog/meetings/jft-online-7/
3497,Sea Point Living Clean,Western Cape,Unknown 09:00,in_person,"Norfolk Rd, Sea Point, Cape Town, 8060, South Africa","-33.910678, 18.392015",no,Pending,Pending,Pending,Pending,Standard,Not started,https://na.org.za/blog/meetings/seapointlivingclean/
3693,Soshanguve Meeting - Sunday,Pretoria,Unknown 10:00,inactive,"Soshanguve - AA, Soshanguve, 0152, South Africa","-25.503206, 28.0961737",yes,Pending,Pending,Pending,Pending,High,Not started,https://na.org.za/blog/meetings/soshanguve-meeting-sunday-open/
3601,Phoenix Sunday,Kwazulu-Natal,Unknown 11:30,in_person,"132, 134 Southbury Ave, Eastbury, Phoenix, 4068, South Africa","-29.7073477, 31.0270361",no,Pending,Pending,Pending,Pending,Standard,Not started,https://na.org.za/blog/meetings/phoenix-sunday/
3498,Hanover Park (Get Back Up),Western Cape,Unknown 15:00,in_person,"0A Hanover Park Ave, Hanover Park, Cape Town, 7782, South Africa","-33.9951428, 18.5272467",no,Pending,Pending,Pending,Pending,Standard,Not started,https://na.org.za/blog/meetings/hanover-park-get-back-up/
4328,Parkhurst - Sunday - 15:00,Johannesburg,Unknown 15:00,inactive,"12th St & 5th Ave, Parkhurst, Randburg, 2193, South Africa","-26.1385847, 28.0155925",no,Pending,Pending,Pending,Pending,Standard,Not started,https://na.org.za/blog/meetings/parkhurst-wednesday-1500-3/
4330,Sunninghill - Sunday - 15:30,Johannesburg,Unknown 15:30,in_person,"67 Nanyuki Rd, Sunninghill, Johannesburg, 2191, South Africa","-26.0318612, 28.0711152",no,Pending,Pending,Pending,Pending,Standard,Not started,https://na.org.za/blog/meetings/sunninghill-sunday-sundowner-3/
3499,CT Women’s Meeting 2026,Western Cape,Unknown 16:00,in_person,"Campground Rd, Rosebank, Cape Town, 7700, South Africa","-33.9539158, 18.4809661",no,Pending,Pending,Pending,Pending,Standard,Not started,https://na.org.za/blog/meetings/ct-womens-meeting-3/
3268,CT Women’s Meeting 2026,Western Cape,Unknown 16:00,in_person,"Campground Rd, Rosebank, Cape Town, 7700, South Africa","-33.9539158, 18.4809661",no,Pending,Pending,Pending,Pending,Standard,Not started,https://na.org.za/blog/meetings/ct-womens-meeting-2/
4312,Alexander - Sunday - 16:00,Johannesburg,Unknown 16:00,in_person,"386 E Bank Ave, Alexandra, 2014, South Africa","-26.1002448, 28.1103729",no,Pending,Pending,Pending,Pending,Standard,Not started,https://na.org.za/blog/meetings/alexander-sunday-1600-2/
3602,Hillcrest Sunday,Kwazulu-Natal,Unknown 16:00,in_person,"1A Old Main Rd, Hilldene, Hillcrest, 3610, South Africa","-29.7890833, 30.7743453",no,Pending,Pending,Pending,Pending,Standard,Not started,https://na.org.za/blog/meetings/hillcrest-sunday/
3695,Sunday Afrikaans Meeting,Pretoria,Unknown 16:00,in_person,"449 Ridgeview Rd, Waterkloof Ridge, Pretoria, 0181, South Africa","-25.8140315, 28.2435817",no,Pending,Pending,Pending,Pending,Standard,Not started,https://na.org.za/blog/meetings/afrikaans/
4313,Senaone Soweto - Sunday - 16:30,Johannesburg,Unknown 16:30,in_person,"1607 Kanya Rd, Senaoane, Soweto, 1818, South Africa","-26.27807, 27.861969",no,Pending,Pending,Pending,Pending,Standard,Not started,https://na.org.za/blog/meetings/senaoane-sunday-1630-2/
3604,Park Rynie Sunday,Kwazulu-Natal,Unknown 16:30,in_person,"512 2nd St, Park Rynie, 4182, South Africa","-30.3094934, 30.7422101",no,Pending,Pending,Pending,Pending,Standard,Not started,https://na.org.za/blog/meetings/park-rynie-sunday/
4377,Toti Sunday Steps Meeting,Kwazulu-Natal,Unknown 16:30,in_person,"157 Kingsway Rd, eManzimtoti, 4126, South Africa","-30.0656018, 30.8765551",no,Pending,Pending,Pending,Pending,Standard,Not started,https://na.org.za/blog/meetings/toti-sunday-steps-meeting/
3500,Plettenberg Bay (Share / Topic Meeting) Sunday,Western Cape,Unknown 17:00,in_person,"11 Green Point Ave, Plettenberg Bay, 6600, South Africa","-34.0623416, 23.3654226",no,Pending,Pending,Pending,Pending,Standard,Not started,https://na.org.za/blog/meetings/plettenberg-bay/
3606,Merebank Sunday,Kwazulu-Natal,Unknown 17:00,in_person,"Juggernaut Rd, Merebank East, Bluff, 4052, South Africa","-29.95606, 30.9688372",no,Pending,Pending,Pending,Pending,Standard,Not started,https://na.org.za/blog/meetings/merebank-sunday/
4379,Sunday Serenity,Western Cape,Unknown 17:00,in_person,"24 Service Rd, Muizenberg, Cape Town, 7945, South Africa","-34.0841507, 18.4552389",no,Pending,Pending,Pending,Pending,Standard,Not started,https://na.org.za/blog/meetings/sunday-serenity/
3697,THE UNTOLD STORIES OF OUR NA MEMBERS,Pretoria,Unknown 17:00,online,"Pretoria, South Africa","-25.7565723, 28.1913815",yes,Pending,Not applicable,Pending,Pending,Standard,Not started,https://na.org.za/blog/meetings/the-untold-stories-of-na-members-online/
3502,Blouberg Sunday night,Western Cape,Unknown 17:00,in_person,"Soccer Clb, Table View, Cape Town, 7439, South Africa","-33.8268129, 18.4868162",no,Pending,Pending,Pending,Pending,Standard,Not started,https://na.org.za/blog/meetings/blouberg/
4314,Alabama Klerksdorp - Sunday - 17:30,Johannesburg,Unknown 17:30,in_person,"86 Buitekant St, Alabama, Klerksdorp, 2577, South Africa","-26.8682917, 26.5885237",no,Pending,Pending,Pending,Pending,Standard,Not started,https://na.org.za/blog/meetings/alabama-klerksdorp-sunday-1730-2/
4357,Johannesburg Sunday 5:30 pm,Johannesburg,Unknown 17:30,online,"Johannesburg, South Africa","-26.205647, 28.0337185",yes,Pending,Not applicable,Pending,Pending,Standard,Not started,https://na.org.za/blog/meetings/johannesburg-sunday-530-pm/
4315,Benmore - Sunday - 18:00,Johannesburg,Unknown 18:00,in_person,"1 Pam Rd, Morningside, Sandton, 2057, South Africa","-26.0980843, 28.0510705",no,Pending,Pending,Pending,Pending,Standard,Not started,https://na.org.za/blog/meetings/benmore-sunday-1800-2/
4318,Parkhurst - Sunday - 18:00,Johannesburg,Unknown 18:00,in_person,"20A 7th Ave, Parktown North, Randburg, 2193, South Africa","-26.1449631, 28.0255828",no,Pending,Pending,Pending,Pending,Standard,Not started,https://na.org.za/blog/meetings/parkhurst-sunday-1800-2/
3607,Tongaat Sunday,Kwazulu-Natal,Unknown 18:00,in_person,"2 Canary Cres, Buffelsdale, oThongathi, 4401, South Africa","-29.5816766, 31.0940125",no,Pending,Pending,Pending,Pending,Standard,Not started,https://na.org.za/blog/meetings/tongaat-sunday/
3503,Just For Today CPT - Online,Western Cape,Unknown 18:00,online,"Western Cape, South Africa","-33.2277918, 21.8568586",yes,Pending,Not applicable,Pending,Pending,Standard,Not started,https://na.org.za/blog/meetings/just-for-today-2-2/
3609,Morningside Sunday,Kwazulu-Natal,Unknown 18:30,in_person,"3 Lumsden Cres, Morningside, Berea, 4001, South Africa","-29.8220348, 31.0105328",no,Pending,Pending,Pending,Pending,Standard,Not started,https://na.org.za/blog/meetings/overport-sunday/
4364,Spiritual Principles,Johannesburg,Unknown 19:00,online,"Johannesburg, South Africa","-26.205647, 28.0337185",yes,Pending,Not applicable,Pending,Pending,Standard,Not started,https://na.org.za/blog/meetings/spiritual-principles-7/
4367,Virtual Online Group (VOG),Johannesburg,Unknown 19:00,online,"Johannesburg, South Africa","-26.205647, 28.0337185",yes,Pending,Not applicable,Pending,Pending,Standard,Not started,https://na.org.za/blog/meetings/virtual-online-group-vog-6/
4319,isiZulu Meeting - Sunday - 20:30 - Online,Johannesburg,Unknown 20:30,online,"Johannesburg, South Africa","-26.205647, 28.0337185",yes,Pending,Not applicable,Pending,Pending,Standard,Not started,https://na.org.za/blog/meetings/isizulu-meeting-3-2/
3611,isiZulu Sunday Online,Kwazulu-Natal,Unknown 20:30,online,"KwaZulu-Natal, South Africa","-28.5305539, 30.8958242",yes,Pending,Not applicable,Pending,Pending,Standard,Not started,https://na.org.za/blog/meetings/isizulu-sunday-online/
4322,Esihlahleni Tsakane - Daily - 17:30,Johannesburg,Unknown unknown,in_person,"33747 Indaba St, Tsakani, Brakpan, 1548, South Africa","-26.3420167, 28.375242",no,Pending,Pending,Pending,Pending,Standard,Not started,https://na.org.za/blog/meetings/esihlahleni-tsakane-daily-1730-2/
