pdf_day,pdf_region,pdf_time,pdf_name,pdf_venue_excerpt,csv_name,csv_address,name_similarity,matched
sunday,JOHANNESBURG,9 am,Sydenham - Sunday - 09:00,"27 George Ave 3:30 pm    Sunninghill - Sunday - 15:30 67 Nanyuki Rd, Sunninghill, Sandton, 2157,",Sydenham - Sunday - 09:00,"27 George Ave, Fairmount, Johannesburg, 2192, South Africa",1.25,True
sunday,JOHANNESBURG,3:30 pm,Sunninghill - Sunday - 15:30,"67 Nanyuki Rd, Sunninghill, Sandton, 2157, South Africa, 67 Nanyuki Rd 4 pm       Alexander - Sunday - 16:00",Sunninghill - Sunday - 15:30,"67 Nanyuki Rd, Sunninghill, Johannesburg, 2191, South Africa",1.25,True
sunday,JOHANNESBURG,4 pm,Alexander - Sunday - 16:00,386 E Bank Ave 4:30 pm    Senaone Soweto - Sunday - 16:30                 O 1607 Kanya Rd,Alexander - Sunday - 16:00,"386 E Bank Ave, Alexandra, 2014, South Africa",1.25,True
sunday,JOHANNESBURG,4:30 pm,Senaone Soweto - Sunday - 16:30,"1607 Kanya Rd 5:30 pm    Alabama Klerksdorp - Sunday - 17:30 86 Buitekant St, Alabama, Klerksdorp, 86",Senaone Soweto - Sunday - 16:30,"1607 Kanya Rd, Senaoane, Soweto, 1818, South Africa",1.25,True
sunday,JOHANNESBURG,5:30 pm,Alabama Klerksdorp - Sunday - 17:30,"86 Buitekant St, Alabama, Klerksdorp, 86 Buitekant St 6 pm       Benmore - Sunday - 18:00",Alabama Klerksdorp - Sunday - 17:30,"86 Buitekant St, Alabama, Klerksdorp, 2577, South Africa",1.25,True
sunday,JOHANNESBURG,6 pm,Benmore - Sunday - 18:00,"1 Pam Rd 6 pm       Parkhurst - Sunday - 18:00 20A 7th Ave, Parktown North,",Benmore - Sunday - 18:00,"1 Pam Rd, Morningside, Sandton, 2057, South Africa",1.25,True
sunday,JOHANNESBURG,6 pm,Parkhurst - Sunday - 18:00,"20A 7th Ave, Parktown North, Johannesburg, 2193, 20A 7th Ave KWAZULU-NATAL: KWAZULU-NATAL",Parkhurst - Sunday - 18:00,"20A 7th Ave, Parktown North, Randburg, 2193, South Africa",1.25,True
sunday,KWAZULU-NATAL,8 am,Durban Beach Sunday,"North Beach in front of Minitown, 114 Snell Parade 11:30 am   Phoenix Sunday                                  O",Durban Beach Sunday,"114 Snell Parade, North Beach, Durban, 4001, South Africa",1.25,True
sunday,KWAZULU-NATAL,11:30 am,Phoenix Sunday,"Phoenix Victory Center, 132 4 pm       Hillcrest Sunday                                O Hillcrest Presbyterian Family Church, 1A",Phoenix Sunday,"132, 134 Southbury Ave, Eastbury, Phoenix, 4068, South Africa",1.25,True
sunday,KWAZULU-NATAL,4 pm,Hillcrest Sunday,"Hillcrest Presbyterian Family Church, 1A Old Main Rd 4:30 pm    Park Rynie Sunday                               O",Hillcrest Sunday,"1A Old Main Rd, Hilldene, Hillcrest, 3610, South Africa",1.25,True
sunday,KWAZULU-NATAL,4:30 pm,Park Rynie Sunday,"Berachah Church, 512 2nd St 4:30 pm    Toti Sunday Steps Meeting                      EN St Mary’s Anglican Church, 157 Kingsway",Park Rynie Sunday,"512 2nd St, Park Rynie, 4182, South Africa",1.25,True
sunday,KWAZULU-NATAL,4:30 pm,Toti Sunday Steps Meeting,"St Mary’s Anglican Church, 157 Kingsway Rd 5 pm       Merebank Sunday                              EN, O",Toti Sunday Steps Meeting,"157 Kingsway Rd, eManzimtoti, 4126, South Africa",1.25,True
sunday,KWAZULU-NATAL,5 pm,Merebank Sunday,"Merebank Secondary, Juggernaut Rd 6 pm       Tongaat Sunday                                  O Shrimati Anandben Desai Pre-Primary",Merebank Sunday,"Juggernaut Rd, Merebank East, Bluff, 4052, South Africa",1.25,True
sunday,KWAZULU-NATAL,6 pm,Tongaat Sunday,"Shrimati Anandben Desai Pre-Primary School, 2 Canary Cres 6:30 pm    Morningside Sunday                              O",Tongaat Sunday,"2 Canary Cres, Buffelsdale, oThongathi, 4401, South Africa",1.25,True
sunday,KWAZULU-NATAL,6:30 pm,Morningside Sunday,"Girl Guide Hall, 3 Lumsden Cres PRETORIA: PRETORIA 4 pm       Sunday Afrikaans Meeting                        O",Morningside Sunday,"3 Lumsden Cres, Morningside, Berea, 4001, South Africa",1.25,True
sunday,PRETORIA,4 pm,Sunday Afrikaans Meeting,"Waterkloof Ridge, 449 Ridgeview Rd WESTERN CAPE: CAPE TOWN 4 am       CT Women’s Meeting",Sunday Afrikaans Meeting,"449 Ridgeview Rd, Waterkloof Ridge, Pretoria, 0181, South Africa",1.25,True
sunday,CAPE TOWN,4 am,CT Women’s Meeting,"1st Rosebank Air Scouts Hall, Campground Rd 4 pm       CT Women’s Meeting 2026",CT Women’s Meeting,"Campground Rd, Rosebank, Cape Town, 7700, South Africa",1.25,True
sunday,CAPE TOWN,4 pm,CT Women’s Meeting 2026,"1st Rosebank Air Scouts Hall, Campground Rd 4 pm       CT Women’s Meeting 2026",CT Women’s Meeting 2026,"Campground Rd, Rosebank, Cape Town, 7700, South Africa",1.25,True
sunday,CAPE TOWN,4 pm,CT Women’s Meeting 2026,"1st Rosebank Air Scouts Hall, Campground Rd WESTERN CAPE: WESTERN CAPE",CT Women’s Meeting 2026,"Campground Rd, Rosebank, Cape Town, 7700, South Africa",1.25,True
sunday,WESTERN CAPE,9 am,Sea Point Living Clean,"Sea Point High School, Norfolk Rd 3 pm       Hanover Park (Get Back Up)                     EN Hanover Park Community Center, 0A",Sea Point Living Clean,"Norfolk Rd, Sea Point, Cape Town, 8060, South Africa",1.25,True
sunday,WESTERN CAPE,3 pm,Hanover Park (Get Back Up),"Hanover Park Community Center, 0A Hanover Park Ave 5 pm       Plettenberg Bay (Share / Topic Meeting)",Hanover Park (Get Back Up),"0A Hanover Park Ave, Hanover Park, Cape Town, 7782, South Africa",1.25,True
sunday,WESTERN CAPE,5 pm,Plettenberg Bay (Share / Topic Meeting),"Sunday House Of Steps, Plettenberg Bay, 11 Green Point Ave",Plettenberg Bay (Share / Topic Meeting) Sunday,"11 Green Point Ave, Plettenberg Bay, 6600, South Africa",1.159,True
sunday,,5 pm,Sunday Serenity,"Mountain View Baptist Church, 24 Service Rd 5 pm   Blouberg Sunday night",Sunday Serenity,"24 Service Rd, Muizenberg, Cape Town, 7945, South Africa",1.25,True
sunday,,5 pm,Blouberg Sunday night,"Table View Neighborhood Watch Headquarters, Soccer Clb",Blouberg Sunday night,"Soccer Clb, Table View, Cape Town, 7439, South Africa",1.25,True
monday,JOHANNESBURG,10 am,Klerksdorp - Monday - 10:00,"Alabama Grace Community Church, 63 Alex St 6 pm      Senaone Soweto - Monday - 18:00",Klerksdorp - Monday - 10:00,"63 Alex St, Alabama, Klerksdorp, 2577, South Africa",1.25,True
monday,JOHANNESBURG,6 pm,Senaone Soweto - Monday - 18:00,"1607 Kanya Road and Umthwalume Street.Senaone. Mvezo community center, Makhetha St",Senaone Soweto - Monday - 18:00,"Makhetha St, Protea North, Soweto, 1815, South Africa",1.25,True
monday,JOHANNESBURG,6 pm,Phefeni Soweto - Monday - 18:00,"Phefeni Recreation Center 12764 funani street Orlando wes, Funani St 6:30 pm   Kempton Park - Monday - 18:30",Phefeni Soweto - Monday - 18:00,"Funani St, Orlando, Soweto, 1804, South Africa",1.25,True
monday,JOHANNESBURG,6:30 pm,Kempton Park - Monday - 18:30,"133 Plane Road, Spartan, Kempton Park, 1619, 133 Plane Rd 6:30 pm   Florida - Monday - 18:30",Kempton Park - Monday - 18:30,"133 Plane Rd, Spartan, Kempton Park, 1619, South Africa",1.25,True
monday,JOHANNESBURG,6:30 pm,Florida - Monday - 18:30,"43 Madeline St, Florida, Roodepoort, 1709, 43 Madeline St 7 pm      Weltevreden Park - Monday - 19:00",Florida - Monday - 18:30,"43 Madeline St, Florida, Roodepoort, 1710, South Africa",1.25,True
monday,JOHANNESBURG,7 pm,Weltevreden Park - Monday - 19:00,"1140 Cornelius St, Weltevredenpark, Roodepoort, 1709, South Africa, 1140 Cornelius St",Weltevreden Park - Monday - 19:00,"1140 Cornelius St, Weltevredenpark, Johannesburg, 1709, South Africa",1.25,True
monday,JOHANNESBURG,7 pm,Vanderbijlpark - Monday - 19:00,"90 Abraham St, Mantervrede AH, Vanderbijlpark, 1900, 90 Abraham St 7:30 pm   Brackenhurst - Monday - 19:30                     O",Vanderbijlpark - Monday - 19:00,"90 Abraham St, Mantervrede AH, Vanderbijlpark, South Africa",1.25,True
monday,JOHANNESBURG,7:30 pm,Brackenhurst - Monday - 19:30,"(BRACKENHURST METHODIST CHURCH) 9 Toinette St, Brackenhurst, Alberton, 1453, South Africa, 9 Toinette St",Brackenhurst - Monday - 19:30,"9 Toinette St, Brackenhurst, Alberton, 1453, South Africa",1.25,True
monday,JOHANNESBURG,7:30 pm,Norscot - Monday - 19:30,"16b Penguin Dr, Norscot, Fourways, Sandton, 2055, 16B Penguin Dr 7:30 pm   Rosebank - Monday - 19:30",Norscot - Monday - 19:30,"16B Penguin Dr, Norscot, Sandton, 2055, South Africa",1.25,True
monday,JOHANNESBURG,7:30 pm,Rosebank - Monday - 19:30,"68 7th Ave, Parktown North, 68 7th Ave 7:30 pm   Edenvale - Monday - 19:30 92 Voortrekker Ave, Edenvale, 1609, 92",Rosebank - Monday - 19:30,"68 7th Ave, Parktown North, Randburg, 2193, South Africa",1.25,True
monday,JOHANNESBURG,7:30 pm,Edenvale - Monday - 19:30,"92 Voortrekker Ave, Edenvale, 1609, 92 Voortrekker Ave 8 pm      Lenasia - Monday- 20:00",Edenvale - Monday - 19:30,"92 Voortrekker Ave, Edenvale, 1609, South Africa",1.25,True
monday,JOHANNESBURG,8 pm,Lenasia - Monday- 20:00,"5 Suikerbos Street, Lenasia, 5 Suikerbos St 8 pm      Thames House - Monday - 20:00                     O Thames House, Hope St, City Power",Lenasia - Monday- 20:00,"5 Suikerbos St, Lenasia, 1821, South Africa",1.25,True
monday,JOHANNESBURG,8 pm,Thames House - Monday - 20:00,"Thames House, Hope St, City Power Complex, Hope St KWAZULU-NATAL: KWAZULU-NATAL",Thames House - Monday - 20:00,"Hope St, Roodepoort 302-Iq, 1829, South Africa",1.25,True
monday,KWAZULU-NATAL,6:30 pm,Durban North Monday,"Durban North Methodist Church, 3 Swapo Rd 7 pm      Phoenix Monday                                    O",Durban North Monday,"3 Swapo Rd, Durban North, 4051, South Africa",1.25,True
monday,KWAZULU-NATAL,7 pm,Phoenix Monday,"Berea Church, 14 Grandmore Rd 7 pm      Umbilo Monday                                     O Umbilo Methodist Church, 55 Bartle Rd",Phoenix Monday,"14 Grandmore Rd, Grove End, Phoenix, 4068, South Africa",1.25,True
monday,KWAZULU-NATAL,7 pm,Umbilo Monday,"Umbilo Methodist Church, 55 Bartle Rd 7 pm      Austerville Monday                            LIT, O Wings of Love Building, 2 Petingo Grove",Umbilo Monday,"55 Bartle Rd, Umbilo, Berea, 4075, South Africa",1.25,True
monday,KWAZULU-NATAL,7 pm,Austerville Monday,"Wings of Love Building, 2 Petingo Grove 7:30 pm   Chatsworth Monday                                 O Nelson Mandela Youth Centre, 14 Joyhurst",Austerville Monday,"2 Petingo Grove, Austerville, Bluff, 4052, South Africa",1.25,True
monday,KWAZULU-NATAL,7:30 pm,Chatsworth Monday,"Nelson Mandela Youth Centre, 14 Joyhurst St 7:30 pm   Newlands East Monday                              O",Chatsworth Monday,"14 Joyhurst St, Westcliff, Chatsworth, 4092, South Africa",1.25,True
monday,KWAZULU-NATAL,7:30 pm,Newlands East Monday,"Newlands East Library, Garrick Cres PRETORIA: MALEBITSA 7 pm      Monday Rustenburg Meeting                         O",Newlands East Monday,"Garrick Cres, Newlands East, 4037, South Africa",1.25,True
monday,MALEBITSA,7 pm,Monday Rustenburg Meeting,"Rustenburg, Unnamed Rd PRETORIA: PRETORIA 10 am     Hammanskraal Meeting - Monday                     O",Monday Rustenburg Meeting,"Unnamed Rd, Malebitsa, South Africa",1.25,True
monday,PRETORIA,10 am,Hammanskraal Meeting - Monday,"Hammanskraal, 2875 Molefe Makinta Rd",Hammanskraal Meeting - Monday,"2875 Molefe Makinta Rd, Kudube Unit 2, Temba, 0400, South Africa",1.25,True
monday,PRETORIA,7 pm,Monday Garsfontein Meeting,"Garsfontein, Hilda Botha St 7 pm      Monday Lyttleton                               O Lyttleton, 113 Monument Ave",Monday Garsfontein Meeting,"Hilda Botha St, Garsfontein, Pretoria, 0042, South Africa",1.25,True
monday,PRETORIA,7 pm,Monday Lyttleton,"Lyttleton, 113 Monument Ave 7 pm      Monday Montana Meeting                         O Montana, 435 3rd Rd",Monday Lyttleton,"113 Monument Ave, Lyttelton Manor, Centurion, 0157, South Africa",1.25,True
monday,PRETORIA,7 pm,Monday Montana Meeting,"Montana, 435 3rd Rd WESTERN CAPE: WESTERN CAPE 1:05 pm   Green market square Express",Monday Montana Meeting,"435 3rd Rd, Montana, Pretoria, 0187, South Africa",1.25,True
monday,WESTERN CAPE,1:05 pm,Green market square Express,"Methodist Church, Burg Street, 151 Longmarket St 6 pm      Green Point JFT (F2F)",Green market square Express,"151 Longmarket St, Cape Town City Centre, Cape Town, 8000, South Africa",1.25,True
monday,WESTERN CAPE,6 pm,Green Point JFT (F2F),"Salesians Institute, 2 Somerset Rd 7 pm      Blouberg - Surrender to Monday 3 Batavia Rd",Green Point JFT (F2F),"2 Somerset Rd, Green Point, Cape Town, 8001, South Africa",1.25,True
monday,WESTERN CAPE,7 pm,Blouberg - Surrender to Monday,3 Batavia Rd 7 pm      Delft Against All Odds Delft Civic c/o Delft and Voorbrug Main,Blouberg - Surrender to Monday,"3 Batavia Rd, Bloubergstrand, Cape Town, 7436, South Africa",1.25,True
monday,WESTERN CAPE,7 pm,Delft Against All Odds,"Delft Civic c/o Delft and Voorbrug Main Road, Voorbrug Rd 7 pm      City Bowl",Delft Against All Odds,"Voorbrug Rd, Delft, Cape Town, 7100, South Africa",1.25,True
monday,WESTERN CAPE,7 pm,City Bowl,"GROOTE KERK Sentrum, 55 Kloof St 7 pm      Plettenberg Bay (Share / Topic Meeting) House Of Steps, Plettenberg Bay, 11 Green",City Bowl,"55 Kloof St, Gardens, Cape Town, 8001, South Africa",1.25,True
monday,WESTERN CAPE,7 pm,Plettenberg Bay (Share / Topic Meeting),"House Of Steps, Plettenberg Bay, 11 Green Point Ave 7 pm      Mosselbay",Plettenberg Bay (Share / Topic Meeting),"11 Green Point Ave, Plettenberg Bay, 6600, South Africa",1.25,True
monday,WESTERN CAPE,7 pm,Mosselbay,"Methodist Church, off Marsh Street, Queen St 7 pm      Constantia Monday                              O",Mosselbay,"Queen St, Kwanonqaba, Mossel Bay, 6506, South Africa",1.25,True
monday,WESTERN CAPE,7 pm,Constantia Monday,"ST Martin's Anglican Church, 17 Silverhurst Way 7 pm      Stellenbosch",Constantia Monday,"17 Silverhurst Way, Bergvliet, Cape Town, 7945, South Africa",1.25,True
monday,WESTERN CAPE,7 pm,Stellenbosch,"St. Mark's Catholic Church, 4 Rustenburg Way 7 pm      NA Hermanus",Stellenbosch,"4 Rustenburg Way, Idasvallei, Stellenbosch, 7609, South Africa",1.25,True
monday,WESTERN CAPE,7 pm,NA Hermanus,"United Church, Hermanus, 13 Royal St 7:15 pm   Gordon's Bay Monday Night NG Gemeente, Gordon's bay, 87 Beach Rd",NA Hermanus,"13 Royal St, Hermanus, 7200, South Africa",1.25,True
monday,WESTERN CAPE,7:15 pm,Gordon's Bay Monday Night,"NG Gemeente, Gordon's bay, 87 Beach Rd 7:30 pm   Bonteheuwel Meeting Bonteheuwel Multi-Purpose Centre, Elder",Gordon's Bay Monday Night,"87 Beach Rd, Gordons Bay Central, Cape Town, 7151, South Africa",1.25,True
monday,WESTERN CAPE,7:30 pm,Bonteheuwel Meeting,"Bonteheuwel Multi-Purpose Centre, Elder St & Jakkalsvlei Ave 7:30 pm   Durbanville Together We Can",Bonteheuwel Meeting,"Elder St &amp; Jakkalsvlei Ave, Bonteheuwel, Cape Town, 7764, South Africa",1.25,True
monday,WESTERN CAPE,7:30 pm,Durbanville Together We Can,"Durbanville Presbyterian Church, Cnr Louw St and Hafele St. Durbanville., 5 Louw St",Durbanville Together We Can,"5 Louw St, Durbanville, Cape Town, 7550, South Africa",1.25,True
monday,WESTERN CAPE,7:30 pm,Lansdowne Searching and Fearless,"Moravian Church School, 63 Church St 7:30 pm   Blue Monday Steenberg                         LIT Mountain View Baptist Church, 24 Service",Lansdowne Searching and Fearless,"63 Church St, Lansdowne, Cape Town, 7780, South Africa",1.25,True
monday,WESTERN CAPE,7:30 pm,Blue Monday Steenberg,"Mountain View Baptist Church, 24 Service Rd 7:30 pm   No Matter What                                LIT",Blue Monday Steenberg,"24 Service Rd, Muizenberg, Cape Town, 7945, South Africa",1.25,True
monday,WESTERN CAPE,7:30 pm,No Matter What,"Observatory Community Centre Hall, Rawson St & Collingwood Rd 7:30 pm   Carrying the Message",No Matter What,"Rawson St &amp; Collingwood Rd, Observatory, Cape Town, 7925, South Africa",1.25,True
monday,WESTERN CAPE,7:30 pm,Carrying the Message,"St. Marks Church, Southfield, 9 Cassino Rd",Carrying the Message,"9 Cassino Rd, Plumstead, Cape Town, 7801, South Africa",1.25,True
tuesday,JOHANNESBURG,11:30 am,Zola Soweto - Tuesday - 11:30,"3131 Bolani Rd, Zola, Soweto, 1878, 3131 Bolani Rd Noon       Protea Glen - Tuesday - 12:00                    O",Zola Soweto - Tuesday - 11:30,"3131 Bolani Rd, Zola, Soweto, 1878, South Africa",1.25,True
tuesday,JOHANNESBURG,4 pm,Bram Fischerville - Tuesday - 16:00,"5634 Unity Boulevard ext 2, Bram Fischerville, Unity Blvd 4 pm       Braam Fischer - Tuesday - 16:00",Bram Fischerville - Tuesday - 16:00,"Unity Blvd, Roodepoort 237-Iq, Roodepoort 237-Iq, Roodepoort, 1725, South Africa",1.25,True
tuesday,JOHANNESBURG,4 pm,Braam Fischer - Tuesday - 16:00,"Braamficher phase 1 amandla boulevard, Amandla Blvd 5:30 pm    Alabama Klerksdorp - Tuesday - 17:30",Braam Fischer - Tuesday - 16:00,"Amandla Blvd, Braamfischerville, Soweto, 1875, South Africa",1.25,True
tuesday,JOHANNESBURG,5:30 pm,Alabama Klerksdorp - Tuesday - 17:30,"86 Buitekant St, Alabama, Klerksdorp, 86 Buitekant St 6 pm       Fochville - Tuesday - 18:00",Alabama Klerksdorp - Tuesday - 17:30,"86 Buitekant St, Alabama, Klerksdorp, 2577, South Africa",1.25,True
tuesday,JOHANNESBURG,6 pm,Fochville - Tuesday - 18:00,"25 vrede street, fochville, 25 Vrede St 6 pm       Boskruin - Tuesday - 18:00                       O Akeso Crescent clinic President Fouche Dr,",Fochville - Tuesday - 18:00,"25 Vrede St, Fochville, 2515, South Africa",1.25,True
tuesday,JOHANNESBURG,6 pm,Boskruin - Tuesday - 18:00,"Akeso Crescent clinic President Fouche Dr, Boskruin, Hawken Ave & President Fouche Dr",Boskruin - Tuesday - 18:00,"Hawken Ave &amp; President Fouche Dr, Boskruin, Randburg, 2188, South Africa",1.25,True
tuesday,JOHANNESBURG,6 pm,Mapetla - Tuesday - 18:00,"Mabewana Primary School, 1864 Pilane St 7 pm       Krugersdorp - Tuesday - 19:00 (Real life Church) 86 Viljoen St,",Mapetla - Tuesday - 18:00,"1864 Pilane St, Molapo, Soweto, 1818, South Africa",1.25,True
tuesday,JOHANNESBURG,7 pm,Krugersdorp - Tuesday - 19:00,"(Real life Church) 86 Viljoen St, Krugersdorp North, Krugersdorp, 1740, 86 Viljoen St",Krugersdorp - Tuesday - 19:00,"86 Viljoen St, Krugersdorp North, Krugersdorp, 1740, South Africa",1.25,True
tuesday,JOHANNESBURG,7 pm,Brakpan - Tuesday - 19:00,"134 Gardiner street Brakpan 1540, 134 Gardiner St 7 pm       Fairlands - Tuesday - 19:00",Brakpan - Tuesday - 19:00,"134 Gardiner St, Brakpan, 1540, South Africa",1.25,True
tuesday,JOHANNESBURG,7 pm,Fairlands - Tuesday - 19:00,"152 Market Street, Fairlands, 152 Market St 7 pm       Kyalami - Tuesday - 19:00",Fairlands - Tuesday - 19:00,"152 Market St, Fairland, Johannesburg, 2030, South Africa",1.25,True
tuesday,JOHANNESBURG,7 pm,Kyalami - Tuesday - 19:00,"Gracepoint Church, 125 Duncan Rd 7:30 pm    Benmore - Tuesday - 19:30 1 Pam Rd",Kyalami - Tuesday - 19:00,"125 Duncan Rd, Glenferness AH, Johannesburg, 2021, South Africa",1.25,True
tuesday,JOHANNESBURG,7:30 pm,Benmore - Tuesday - 19:30,"1 Pam Rd 7:30 pm    Waverley - Tuesday - 19:30 18 High Rd, Orchards, Johannesburg,",Benmore - Tuesday - 19:30,"1 Pam Rd, Morningside, Sandton, 2057, South Africa",1.25,True
tuesday,JOHANNESBURG,7:30 pm,Waverley - Tuesday - 19:30,"18 High Rd, Orchards, Johannesburg, 2192, 18 High Rd 7:30 pm    Fourways - Tuesdays - 19:30",Waverley - Tuesday - 19:30,"18 High Rd, Orchards, Johannesburg, 2192, South Africa",1.25,True
tuesday,JOHANNESBURG,7:30 pm,Fourways - Tuesdays - 19:30,"31 Richard Rd, Kengies, Sandton, 2055, 31 Richard Rd 7:30 pm    Randburg - Tuesday - 19:30                     LIT",Fourways - Tuesdays - 19:30,"31 Richard Rd, Fourways, Sandton, 2191, South Africa",1.25,True
tuesday,JOHANNESBURG,7:30 pm,Randburg - Tuesday - 19:30,"6 Brink St, Bryanbrink, Randburg, 2194 Johannesburg, South Africa, 6 Brink St 7:30 pm    Alberton - Tuesday - 19:30",Randburg - Tuesday - 19:30,"6 Brink St, Bryanbrink, Randburg, 2194, South Africa",1.25,True
tuesday,JOHANNESBURG,7:30 pm,Alberton - Tuesday - 19:30,"Alberton Civic Center, 3rd floor. Alwyn taljaard Ave, New Redruth, Alberton, 1449, South Africa, Alwyn Taljaard Ave",Alberton - Tuesday - 19:30,"Alwyn Taljaard Ave, New Redruth, Alberton, 1449, South Africa",1.25,True
tuesday,JOHANNESBURG,8 pm,Ennerdale - Tuesday - 20:00,243 6th Ave KWAZULU-NATAL: KWAZULU-NATAL 7 pm       Umhlali Tuesday                                  O,Ennerdale - Tuesday - 20:00,"243 6th Ave, Mid-Ennerdale, Johannesburg, 1830, South Africa",1.25,True
tuesday,KWAZULU-NATAL,7 pm,Umhlali Tuesday,"Christ Church North Coast, G6C8+MR oThongathi 7 pm       Phoenix Tuesday                                  O",Umhlali Tuesday,G6C8+MR oThongathi,1.25,True
tuesday,KWAZULU-NATAL,7 pm,Phoenix Tuesday,"Foresthaven Secondary School, 205 Canehaven Dr 7 pm       Kloof Tuesday                                    O",Phoenix Tuesday,"205 Canehaven Dr, Foresthaven, Phoenix, 4068, South Africa",1.25,True
tuesday,KWAZULU-NATAL,7 pm,Kloof Tuesday,"Olive Tree Church Kloof, 36 Village Rd",Kloof Tuesday,"36 Village Rd, Kloof, 3640, South Africa",1.25,True
tuesday,KWAZULU-NATAL,7 pm,Pennington Tuesday,"Pennington Methodist Church,, Gumtree Rd & Pennington Dr 7 pm      Tongaat Tuesday                                O",Pennington Tuesday,"Gumtree Rd &amp; Pennington Dr, Pennington, 4184, South Africa",1.25,True
tuesday,KWAZULU-NATAL,7 pm,Tongaat Tuesday,"Shrimati Anandben Desai Pre-Primary School, 2 Canary Cres 7 pm      Amanzimtoti Tuesday                            O",Tongaat Tuesday,"2 Canary Cres, Buffelsdale, oThongathi, 4401, South Africa",1.25,True
tuesday,KWAZULU-NATAL,7 pm,Amanzimtoti Tuesday,"St Mary’s Anglican Church, 157 Kingsway Rd 7:30 pm   PMB Midlands Tuesday                           O",Amanzimtoti Tuesday,"157 Kingsway Rd, eManzimtoti, 4126, South Africa",1.25,True
tuesday,KWAZULU-NATAL,7:30 pm,PMB Midlands Tuesday,"40 Gaysingh Rd 7:30 pm   Redhill Tuesday                                O Redhill Public Library, 8 Firwood Rd",PMB Midlands Tuesday,"40 Gaysingh Rd, Northdale, Pietermaritzburg, 3201, South Africa",1.25,True
tuesday,KWAZULU-NATAL,7:30 pm,Redhill Tuesday,"Redhill Public Library, 8 Firwood Rd 7:30 pm   Vision of Hope Bluff Group                     O St Barnabus Church, 936 Bluff Rd",Redhill Tuesday,"8 Firwood Rd, Greenwood Park, Durban North, 4051, South Africa",1.25,True
tuesday,KWAZULU-NATAL,7:30 pm,Vision of Hope Bluff Group,"St Barnabus Church, 936 Bluff Rd PRETORIA: PRETORIA 10 am     Hammanskraal Meeting - Tuesday                 O",Vision of Hope Bluff Group,"936 Bluff Rd, Bluff, Durban, 4052, South Africa",1.25,True
tuesday,PRETORIA,10 am,Hammanskraal Meeting - Tuesday,"Hammanskraal, 80 Temba 11 am     Tuesday Mabupane Recovery Meeting Mabopane Service Point, Mabopane Rd",Hammanskraal Meeting - Tuesday,"80 Temba, Kudube Unit 1, Temba, 0400, South Africa",1.25,True
tuesday,PRETORIA,11 am,Tuesday Mabupane Recovery Meeting,"Mabopane Service Point, Mabopane Rd 6 pm      Tuesday Mamelodi 19027 Somo St, Pretoria, 0122, South",Tuesday Mabupane Recovery Meeting,"Mabopane Rd, 0190, South Africa",1.25,True
tuesday,PRETORIA,6 pm,Tuesday Mamelodi,"19027 Somo St, Pretoria, 0122, South Africa, 19027 Somo St 7 pm      Tuesday Hillcrest Meeting                  LIT, O",Tuesday Mamelodi,"19027 Somo St, Mamelodi - S&amp;S, Pretoria, 0122, South Africa",1.25,True
tuesday,PRETORIA,7 pm,Tuesday Hillcrest Meeting,"Hillcrest, St Wilfrid's Anglican Church 7 pm      Tuesday Lyttleton                              O Lyttleton, 113 Monument Ave",Tuesday Hillcrest Meeting,"St Wilfrid's Anglican Church, 96 Duxbury Rd, Hillcrest, Pretoria, 0083, South Africa",1.25,True
tuesday,PRETORIA,7 pm,Tuesday Lyttleton,"Lyttleton, 113 Monument Ave 7 pm      Besileia Tuesday Meeting                       O Rustenburg, 66 Marais St",Tuesday Lyttleton,"113 Monument Ave, Lyttelton Manor, Centurion, 0157, South Africa",1.25,True
tuesday,PRETORIA,7 pm,Besileia Tuesday Meeting,"Rustenburg, 66 Marais St WESTERN CAPE: WESTERN CAPE 1:05 pm   Green market square Express",Besileia Tuesday Meeting,"66 Marais St, Rustenburg, 2999, South Africa",1.25,True
tuesday,WESTERN CAPE,1:05 pm,Green market square Express,"Methodist Church, Burg Street, 151 Longmarket St 7 pm      Claremont Tuesday Express",Green market square Express,"151 Longmarket St, Cape Town City Centre, Cape Town, 8000, South Africa",1.25,True
tuesday,WESTERN CAPE,7 pm,Claremont Tuesday Express,"East Claremont Congregational Church, Craven Hall, 8 Franklin Rd 7 pm      Living Queer                                   C",Claremont Tuesday Express,"8 Franklin Rd, Claremont, Cape Town, 7708, South Africa",1.25,True
tuesday,WESTERN CAPE,7 pm,Living Queer,"Gilpine Scout Hall, Cedar Ave 7 pm      Kalk Bay Changing Tides                        C Kalk Bay Community Centre, 27 Main Rd",Living Queer,"Cedar Ave, Pinelands, Cape Town, 7405, South Africa",1.25,True
tuesday,WESTERN CAPE,7 pm,Kalk Bay Changing Tides,"Kalk Bay Community Centre, 27 Main Rd 7 pm      Tableview -Keep it Simple Table View Methodist Church, 85 Janssens",Kalk Bay Changing Tides,"27 Main Rd, St James, Cape Town, 7946, South Africa",1.25,True
tuesday,WESTERN CAPE,7 pm,Tableview -Keep it Simple,"Table View Methodist Church, 85 Janssens Avenue 7:30 pm   Retreat Coming Home",Tableview -Keep it Simple,"85 Janssens Avenue, Table View, Cape Town, 7439, South Africa",1.25,True
tuesday,WESTERN CAPE,7:30 pm,Retreat Coming Home,"The Haven Night Shelter, 99 10th Ave 8 pm      Plumstead Strength and Unity Medway Community Church, 87 Milford Rd",Retreat Coming Home,"99 10th Ave, Cafda Village, Cape Town, 7965, South Africa",1.25,True
tuesday,WESTERN CAPE,8 pm,Plumstead Strength and Unity,"Medway Community Church, 87 Milford Rd",Plumstead Strength and Unity,"87 Milford Rd, Plumstead, Cape Town, 7801, South Africa",1.25,True
wednesday,JOHANNESBURG,10 am,Klerksdorp - Wednesday - 10:00,"Alabama Grace Community Church, 63 Alex St 11:30 am   Naledi - Wednesday - 11:30",Klerksdorp - Wednesday - 10:00,"63 Alex St, Alabama, Klerksdorp, 2577, South Africa",1.25,True
wednesday,JOHANNESBURG,11:30 am,Naledi - Wednesday - 11:30,"Naledi Sports Complex, Naledi ext 2, 742 CNR Letsatsi &amp; Radebe St Soweto, South Africa, 2 Letsatsi St",Naledi - Wednesday - 11:30,"2 Letsatsi St, Naledi, Soweto, 1861, South Africa",1.25,True
wednesday,JOHANNESBURG,2 pm,Orange Farm - Wednesday - 14:00,1559 Link St 6 pm       Pimville - Wednesday - 18:00 (Pimville zone 4 PCC hall) 11624,Orange Farm - Wednesday - 14:00,"1559 Link St, Orange Farm, Johannesburg, 1841, South Africa",1.25,True
wednesday,JOHANNESBURG,6 pm,Pimville - Wednesday - 18:00,"(Pimville zone 4 PCC hall) 11624 Mathithibala St, Pimville Zone 4, Pimville, 1809, 11624 Mathithibala St",Pimville - Wednesday - 18:00,"11624 Mathithibala St, Pimville Zone 4, Pimville, 1809, South Africa",1.25,True
wednesday,JOHANNESBURG,6 pm,Noordgesig - Wednesday - 18:00,"10 Cnr Central and Noord street, Noordgesig, Soweto, 1804, Central Rd 6 pm       Toekomsrus - Wednesday - 18h00",Noordgesig - Wednesday - 18:00,"Central Rd, Noordgesig, Soweto, 1804, South Africa",1.25,True
wednesday,JOHANNESBURG,6 pm,Toekomsrus - Wednesday - 18h00,"2 Diamant St 6 pm       Vosloorus - Wednesday - 18:00 3859 Sebati street, Ext 1 Vosloorus 1475,",Toekomsrus - Wednesday - 18h00,"2 Diamant St, Toekomsrus, Randfontein, 1765, South Africa",1.25,True
wednesday,JOHANNESBURG,6 pm,Vosloorus - Wednesday - 18:00,"3859 Sebati street, Ext 1 Vosloorus 1475, 3859 Sebati Rd 6:30 pm    Thembisa - Wednesday - 18:30",Vosloorus - Wednesday - 18:00,"3859 Sebati Rd, Vosloorus, 1475, South Africa",1.25,True
wednesday,JOHANNESBURG,6:30 pm,Thembisa - Wednesday - 18:30,"Mali &amp; Congo Street. Welamlambo Section. Tembisa. 1632, Congo St 7 pm       Norscort - Wednesday - 19:00",Thembisa - Wednesday - 18:30,"Congo St, Welomlambo, Thembisa, 1632, South Africa",1.25,True
wednesday,JOHANNESBURG,7 pm,Norscort - Wednesday - 19:00,"16b Penguin Dr, Norscot, Fourways, Sandton, 2055, 16B Penguin Dr 7 pm       Lenasia South - Wednesday - 19:00                 O",Norscort - Wednesday - 19:00,"16B Penguin Dr, Norscot, Sandton, 2055, South Africa",1.25,True
wednesday,JOHANNESBURG,7 pm,Lenasia South - Wednesday - 19:00,"1954 Peacock str, Lenasia South, 1827, Peacock St 7 pm       Crosby - Wednesday - 19:00",Lenasia South - Wednesday - 19:00,"Peacock St, Lenasia South, Lenasia, 1829, South Africa",1.25,True
wednesday,JOHANNESBURG,7 pm,Crosby - Wednesday - 19:00,"65 Foyle Ave, Crosby, Johannesburg, 2092, 65 Foyle Ave 7 pm       Boskruin - Wednesday - 19:00                  LIT, O",Crosby - Wednesday - 19:00,"65 Foyle Ave, Crosby, Johannesburg, 2092, South Africa",1.25,True
wednesday,JOHANNESBURG,7 pm,Boskruin - Wednesday - 19:00,"71 CR Swart DrBoskruin, Randburg, 2188, 71 CR Swart Dr 7 pm       Secunda Recovery Group - Wednesday -",Boskruin - Wednesday - 19:00,"71 CR Swart Dr, Boskruin, Randburg, 2188, South Africa",1.25,True
wednesday,JOHANNESBURG,7 pm,Secunda Recovery Group - Wednesday -,"19:00 Saint Peter’s United Church, 2 Van Eck St 7:30 pm    Brackenhurst - Wednesday - 19:30",Secunda Recovery Group - Wednesday - 19:00,"2 Van Eck St, Secunda, 2302, South Africa",1.164,True
wednesday,JOHANNESBURG,7:30 pm,Brackenhurst - Wednesday - 19:30,"(BRACKENHURST METHODIST CHURCH) 9 Toinette St, Brackenhurst, Alberton, 1453, South Africa, 9 Toinette St",Brackenhurst - Wednesday - 19:30,"9 Toinette St, Brackenhurst, Alberton, 1453, South Africa",1.25,True
wednesday,JOHANNESBURG,7:30 pm,Edenvale - Wednesday - 19:30,"(Edenvale Methodist Church) 57 6th Ave, Edenvale, 1610, South Africa, 57 6th Ave 7:30 pm    Eldorado Park - Wednesday - 19:30",Edenvale - Wednesday - 19:30,"57 6th Ave, Edenvale, 1609, South Africa",1.25,True
wednesday,JOHANNESBURG,7:30 pm,Eldorado Park - Wednesday - 19:30,"Albertus Pop Recreation Centre, Ametis St & Goud St 7:30 pm    Northcliff - Wednesday - 19:30",Eldorado Park - Wednesday - 19:30,"Ametis St &amp; Goud St, Eldorado Park, Soweto, 1811, South Africa",1.25,True
wednesday,JOHANNESBURG,7:30 pm,Northcliff - Wednesday - 19:30,"Northcliff Union Church. Cnr Dawn and Pendoring road., Pendoring Rd 7:30 pm    Parkhurst - Wednesday - 19:30",Northcliff - Wednesday - 19:30,"Pendoring Rd, Northcliff, Randburg, 2115, South Africa",1.25,True
wednesday,JOHANNESBURG,7:30 pm,Parkhurst - Wednesday - 19:30,"Parkhurst Recreation Centre, 12th St & 5th Ave 7:30 pm    Lenasia Ext.10 - Wednesday - 19:30",Parkhurst - Wednesday - 19:30,"12th St &amp; 5th Ave, Parkhurst, Randburg, 2193, South Africa",1.25,True
wednesday,JOHANNESBURG,7:30 pm,Lenasia Ext.10 - Wednesday - 19:30,"Sharicrest Primary School, Volta St",Lenasia Ext.10 - Wednesday - 19:30,"Volta St, Lenasia, 1821, South Africa",1.25,True
wednesday,JOHANNESBURG,7:30 pm,Wanderers - Wednesday - 19:30,"Wanderers Cricket Stadium, 35 Corlette Drive, Illovo, Corlett Dr KWAZULU-NATAL: KWAZULU-NATAL",Wanderers - Wednesday - 19:30,"Corlett Dr, Illovo, Sandton, South Africa",1.25,True
wednesday,KWAZULU-NATAL,6 pm,Salt Rock Wednesday,"Salt Rock Library, 14 Garden Rd 6:30 pm   Howick Wednesday                           O St Josephs Catholic Church, 21 Buchanan",Salt Rock Wednesday,"14 Garden Rd, Umhlali Beach, Ballito, 4420, South Africa",1.25,True
wednesday,KWAZULU-NATAL,6:30 pm,Howick Wednesday,"St Josephs Catholic Church, 21 Buchanan St 7 pm      Buffelsdale Wednesday Meeting              O",Howick Wednesday,"21 Buchanan St, Howick, 3290, South Africa",1.25,True
wednesday,KWAZULU-NATAL,7 pm,Buffelsdale Wednesday Meeting,"Buffelsdale Community Hall, 85 Coronation Rd 7 pm      City Group Wednesday                       O",Buffelsdale Wednesday Meeting,"85 Coronation Rd, Buffelsdale, oThongathi, 4401, South Africa",1.25,True
wednesday,KWAZULU-NATAL,7 pm,City Group Wednesday,"St Thomas Anglican Church, 190 Saint Thomaslaan 7 pm      Westville Wednesday                        O",City Group Wednesday,"190 Saint Thomaslaan, Musgrave, Durban, 4001, South Africa",1.25,True
wednesday,KWAZULU-NATAL,7 pm,Westville Wednesday,"Westville Methodist Church, 38 Jan Hofmeyr Rd 7 pm      Austerville Wednesday                      C",Westville Wednesday,"38 Jan Hofmeyr Rd, Grayleigh, Westville, 3629, South Africa",1.25,True
wednesday,KWAZULU-NATAL,7 pm,Austerville Wednesday,"Wings of Love Building, 2 Petingo Grove 7:30 pm   Chatsworth Wednesday - Step Work           C Depot Road Memorial Primary School, 369",Austerville Wednesday,"2 Petingo Grove, Austerville, Bluff, 4052, South Africa",1.25,True
wednesday,KWAZULU-NATAL,7:30 pm,Chatsworth Wednesday - Step Work,"Depot Road Memorial Primary School, 369 Lenny Naidu Dr 7:30 pm   NA PMB Group Wednesday                     O",Chatsworth Wednesday - Step Work,"369 Lenny Naidu Dr, Bayview, Durban, 4092, South Africa",1.25,True
wednesday,KWAZULU-NATAL,7:30 pm,NA PMB Group Wednesday,"Jesus International Ministry, Swallow Rd PRETORIA: PRETORIA 6:45 pm   Wednesday New Life Meeting                 O",NA PMB Group Wednesday,"Swallow Rd, Belfort Estate, Pietermaritzburg, 3201, South Africa",1.25,True
wednesday,PRETORIA,6:45 pm,Wednesday New Life Meeting,"Waterkloof, 442 Koedoesnek Ave 7 pm      I can't, we can - Wednesday                C Lynnwoodrif Gemeente, 296 Lancia St",Wednesday New Life Meeting,"442 Koedoesnek Ave, Waterkloof Ridge, Pretoria, 0181, South Africa",1.25,True
wednesday,PRETORIA,7 pm,"I can't, we can - Wednesday","Lynnwoodrif Gemeente, 296 Lancia St 7 pm      Wednesday Pride Meeting                    O Lyttleton, 113 Monument Ave","I can't, we can - Wednesday","296 Lancia St, Lynnwood Ridge, Pretoria, 0040, South Africa",1.25,True
wednesday,PRETORIA,7 pm,Wednesday Pride Meeting,"Lyttleton, 113 Monument Ave 7:30 pm   Laudium Serenity Group Meeting             O Laudium, 229 Pearl St",Wednesday Pride Meeting,"113 Monument Ave, Lyttelton Manor, Centurion, 0157, South Africa",1.25,True
wednesday,PRETORIA,7:30 pm,Laudium Serenity Group Meeting,"Laudium, 229 Pearl St PRETORIA: RUSTENBURG 7 pm      Proteapark Wednesday Meeting               O",Laudium Serenity Group Meeting,"229 Pearl St, Laudium, Centurion, 0037, South Africa",1.25,True
wednesday,RUSTENBURG,7 pm,Proteapark Wednesday Meeting,"Rustenburg, 25 Witstinkhout Ave WESTERN CAPE: WESTERN CAPE 1:05 pm   Green market square Express",Proteapark Wednesday Meeting,"25 Witstinkhout Ave, Protea Park, Rustenburg, 0305, South Africa",1.25,True
wednesday,WESTERN CAPE,1:05 pm,Green market square Express,"Methodist Church, Burg Street, 151 Longmarket St 1:10 pm   Durbanville Wednesday Lunch                C",Green market square Express,"151 Longmarket St, Cape Town City Centre, Cape Town, 8000, South Africa",1.25,True
wednesday,WESTERN CAPE,1:10 pm,Durbanville Wednesday Lunch,"Durbanville Presbyterian Church, Cnr Louw St and Hafele St. Durbanville., 7 Louw St",Durbanville Wednesday Lunch,"7 Louw St, Durbanville, Cape Town, 7550, South Africa",1.25,True
wednesday,WESTERN CAPE,6 pm,Green Point JFT (F2F),"Salesians Institute, 2 Somerset Rd 7 pm      Manenberg New Hope Meeting 316 Manenberg Avenue, Manenberg, 316",Green Point JFT (F2F),"2 Somerset Rd, Green Point, Cape Town, 8001, South Africa",1.25,True
wednesday,WESTERN CAPE,7 pm,Manenberg New Hope Meeting,"316 Manenberg Avenue, Manenberg, 316 Manenberg Ave 7 pm      Knysna JFT (F2F)",Manenberg New Hope Meeting,"316 Manenberg Ave, Manenberg, Cape Town, 7767, South Africa",1.25,True
wednesday,WESTERN CAPE,7 pm,Knysna JFT (F2F),"Knysna, Trotter St 7 pm      Somerset West NG Helderberg Gemeente Church, 82",Knysna JFT (F2F),"Trotter St, Knysna Central, Knysna, 6570, South Africa",1.25,True
wednesday,WESTERN CAPE,7 pm,Somerset West,"NG Helderberg Gemeente Church, 82 Firmount Road 7:20 pm   Milnerton Wednesdays We Can",Somerset West,"82 Firmount Road, Goede Hoop, Cape Town, 7130, South Africa",1.25,True
wednesday,WESTERN CAPE,7:20 pm,Milnerton Wednesdays We Can,"Milnerton, 37 Ascot Rd 7:30 pm   Miracles and Milestones East Claremont Congregational Church,",Milnerton Wednesdays We Can,"37 Ascot Rd, Milnerton, Cape Town, 7441, South Africa",1.25,True
wednesday,WESTERN CAPE,7:30 pm,Miracles and Milestones,"East Claremont Congregational Church, Craven Hall, 8 Franklin Rd 7:30 pm   Wednesday Woodstock",Miracles and Milestones,"8 Franklin Rd, Claremont, Cape Town, 7708, South Africa",1.25,True
wednesday,WESTERN CAPE,7:30 pm,Wednesday Woodstock,"St Agnes Catholic Church, 26 Dublin St",Wednesday Woodstock,"26 Dublin St, Woodstock, Cape Town, 7915, South Africa",1.25,True
wednesday,WESTERN CAPE,8 pm,Wednesday Grow and Change,"Meadowridge Primary School, off A Z Berman Drive, 55 Kreupelhout St 8 pm   Grassy Park Courage to Change",Wednesday Grow and Change,"55 Kreupelhout St, Lentegeur, Cape Town, 7786, South Africa",1.25,True
wednesday,WESTERN CAPE,8 pm,Grassy Park Courage to Change,"St Clements Primary School, St Clements Way, 278 7th Ave",Grassy Park Courage to Change,"278 7th Ave, Lotus River, Cape Town, 7805, South Africa",1.25,True
thursday,JOHANNESBURG,11:30 am,Zola Soweto - Thursday - 11:30,"3131 Bolani Rd, Zola, Soweto, 1878, 3131 Bolani Rd 4 pm       Bram Fischerville - Thursday - 16:00",Zola Soweto - Thursday - 11:30,"3131 Bolani Rd, Zola, Soweto, 1878, South Africa",1.25,True
thursday,JOHANNESBURG,4 pm,Bram Fischerville - Thursday - 16:00,"5634 Unity Boulevard ext 2, Bram Fischerville, Unity Blvd 4 pm       Braam Fischer - Thursday - 16:00",Bram Fischerville - Thursday - 16:00,"Unity Blvd, Roodepoort 237-Iq, Roodepoort 237-Iq, Roodepoort, 1725, South Africa",1.25,True
thursday,JOHANNESBURG,4 pm,Braam Fischer - Thursday - 16:00,"Braamficher phase 1 amandla boulevard, Amandla Blvd 5:30 pm    Alabama Klerksdorp - Thursday - 17:30",Braam Fischer - Thursday - 16:00,"Amandla Blvd, Braamfischerville, Soweto, 1875, South Africa",1.25,True
thursday,JOHANNESBURG,5:30 pm,Alabama Klerksdorp - Thursday - 17:30,"86 Buitekant St, Alabama, Klerksdorp, 86 Buitekant St 6 pm       Diepkloof - Thursday - 18:00",Alabama Klerksdorp - Thursday - 17:30,"86 Buitekant St, Alabama, Klerksdorp, 2577, South Africa",1.25,True
thursday,JOHANNESBURG,6 pm,Diepkloof - Thursday - 18:00,"7644 Eben Cuyler Dr, Diepkloof Zone 1, Diepmeadow, 1862, South Africa, 7644 Eben Cuyler Dr",Diepkloof - Thursday - 18:00,"7644 Eben Cuyler Dr, Diepkloof Zone 1, Diepkloof, 1862, South Africa",1.25,True
thursday,JOHANNESBURG,6 pm,Central Western Jabavu Soweto -,"Thursday - 18:00 929 Leoatleng Street, Central Western Jabavu, 929 Leoatleng St",Central Western Jabavu Soweto - Thursday - 18:00,"929 Leoatleng St, Jabavu, Soweto, 1800, South Africa",1.045,True
thursday,JOHANNESBURG,6 pm,Klerksdorp - Thursday - 18:00,"Alabama Grace Community Church, 63 Alex St 6:30 pm    Riverlea - Thursday - 18:30",Klerksdorp - Thursday - 18:00,"63 Alex St, Alabama, Klerksdorp, 2577, South Africa",1.25,True
thursday,JOHANNESBURG,6:30 pm,Riverlea - Thursday - 18:30,"108 Colorado Dr 6:30 pm    Walkers Fruit Farms - Thursday - 18:30           O 166 South Road, Walkers Fruit Farms, 166",Riverlea - Thursday - 18:30,"108 Colorado Dr, Riverlea, Johannesburg, 2093, South Africa",1.25,True
thursday,JOHANNESBURG,6:30 pm,Walkers Fruit Farms - Thursday - 18:30,"166 South Road, Walkers Fruit Farms, 166 South Rd 7 pm       Krugersdorp - Thursday - 19:00",Walkers Fruit Farms - Thursday - 18:30,"166 South Rd, Ophir AH, De Deur, 1961, South Africa",1.25,True
thursday,JOHANNESBURG,7 pm,Krugersdorp - Thursday - 19:00,"29 Dippenaar Rd 7:15 pm    Glenvista - Thursday - 19:15 10 Tehore RdMulbarton, Johannesburg",Krugersdorp - Thursday - 19:00,"29 Dippenaar Rd, Noordheuwel, Krugersdorp, 1739, South Africa",1.25,True
thursday,JOHANNESBURG,7:15 pm,Glenvista - Thursday - 19:15,"10 Tehore RdMulbarton, Johannesburg South, 2091, 10 Tehore Rd 7:30 pm    Weltevreden Park - Thursday - 19:30",Glenvista - Thursday - 19:15,"10 Tehore Rd, Mulbarton, Johannesburg South, 2059, South Africa",1.25,True
thursday,JOHANNESBURG,7:30 pm,Weltevreden Park - Thursday - 19:30,"1140 Cornelius St, Weltevredenpark, Roodepoort, 1709, South Africa, 1140 Cornelius St",Weltevreden Park - Thursday - 19:30,"1140 Cornelius St, Weltevredenpark, Johannesburg, 1709, South Africa",1.25,True
thursday,JOHANNESBURG,7:30 pm,Bryanston - Thursday - 19:30,"115 Grosvenor Rd 7:30 pm    Northcliff - Thursday - 19:30 (LGBTQ) 45 Lily Ave, Northcliff, Randburg, 2115,",Bryanston - Thursday - 19:30,"115 Grosvenor Rd, Bryanston, Sandton, 2191, South Africa",1.25,True
thursday,JOHANNESBURG,7:30 pm,Northcliff - Thursday - 19:30 (LGBTQ),"45 Lily Ave, Northcliff, Randburg, 2115, South Africa, 45 Lily Ave 7:30 pm    Alberton - Thursday - 19:30",Northcliff - Thursday - 19:30 (LGBTQ),"45 Lily Ave, Northcliff, Johannesburg, 2115, South Africa",1.25,True
thursday,JOHANNESBURG,7:30 pm,Alberton - Thursday - 19:30,"Alberton Civic Center, 3rd floor. Alwyn taljaard Ave, New Redruth, Alberton, 1449, South Africa, Alwyn Taljaard Ave",Alberton - Thursday - 19:30,"Alwyn Taljaard Ave, New Redruth, Alberton, 1449, South Africa",1.25,True
thursday,JOHANNESBURG,7:30 pm,Midrand - Thursday - 19:30,"Calvary Methodist Church, Harry Galaun Dr 7:30 pm    Forest Town - Thursday - 19:30",Midrand - Thursday - 19:30,"Harry Galaun Dr, Halfway Gardens, Midrand, South Africa",1.25,True
thursday,JOHANNESBURG,7:30 pm,Forest Town - Thursday - 19:30,"St Francis Methodist Church, 1 Talton Road, Forest Town, 1 Talton Rd KWAZULU-NATAL: KWAZULU-NATAL",Forest Town - Thursday - 19:30,"1 Talton Rd, Forest Town, Johannesburg, 2193, South Africa",1.25,True
thursday,KWAZULU-NATAL,6:30 pm,Hillcrest Thursday,"Hillcrest Presbyterian Family Church, 1A Old Main Rd 6:30 pm    Umhlanga Thursday                            LIT, O",Hillcrest Thursday,"1A Old Main Rd, Hilldene, Hillcrest, 3610, South Africa",1.25,True
thursday,KWAZULU-NATAL,6:30 pm,Umhlanga Thursday,"Immanuel Church, 6 Bruton Cl 6:30 pm    Margate Thursday                                 C Margate Methodist Church, Valley Rd",Umhlanga Thursday,"6 Bruton Cl, Somerset Park, uMhlanga, 4319, South Africa",1.25,True
thursday,KWAZULU-NATAL,6:30 pm,Margate Thursday,"Margate Methodist Church, Valley Rd",Margate Thursday,"Valley Rd, Uvongo, Margate, 4270, South Africa",1.25,True
thursday,KWAZULU-NATAL,7 pm,Tongaat Thursday,"Belverdere Community Centre, 176 Belvedere Dr 7 pm      Umhlali Thursday                                 C",Tongaat Thursday,"176 Belvedere Dr, Belvedere, oThongathi, 4399, South Africa",1.25,True
thursday,KWAZULU-NATAL,7 pm,Umhlali Thursday,"Christ Church North Coast, G6C8+MR oThongathi 7 pm      Sydenham Men's Meeting                        C, M",Umhlali Thursday,G6C8+MR oThongathi,1.25,True
thursday,KWAZULU-NATAL,7 pm,Sydenham Men's Meeting,"Collegevale Primary School, 14 College Rd 7 pm      Richards Bay Thursday                            O Good Tidings Full Gospel Church, 20 Brake",Sydenham Men's Meeting,"14 College Rd, Overport, Berea, 4067, South Africa",1.25,True
thursday,KWAZULU-NATAL,7 pm,Richards Bay Thursday,"Good Tidings Full Gospel Church, 20 Brake Fern 7 pm      Phoenix Thursday                                 O",Richards Bay Thursday,"20 Brake Fern, Brackenham, Richards Bay, 3900, South Africa",1.25,True
thursday,KWAZULU-NATAL,7 pm,Phoenix Thursday,"Rock Foundation Ministries, corner of Strandbrook and Towerbrook, 70 Strandbrook Cres",Phoenix Thursday,"70 Strandbrook Cres, Brookdale, Phoenix, 4068, South Africa",1.25,True
thursday,KWAZULU-NATAL,7:30 pm,Newlands West Thursday,"Blessed Liberat Catholic Church, Hilldale Dr & Jackscastle Ave 7:30 pm   Together We Can - Fynnlands Group                O",Newlands West Thursday,"Hilldale Dr &amp; Jackscastle Ave, Steelcastle, Newlands West, 4037, South Africa",1.25,True
thursday,KWAZULU-NATAL,7:30 pm,Together We Can - Fynnlands Group,"Fynnlands Primary School, 400 Lighthouse Rd 7:30 pm   Queensburgh Thursday                             O",Together We Can - Fynnlands Group,"400 Lighthouse Rd, Fynnlands, Durban, 4052, South Africa",1.25,True
thursday,KWAZULU-NATAL,7:30 pm,Queensburgh Thursday,"Queensburgh Community Hall, 420 Main Rd 7:30 pm   PMB Northdale Thursday                           O",Queensburgh Thursday,"420 Main Rd, Escombe, Queensburgh, 4093, South Africa",1.25,True
thursday,KWAZULU-NATAL,7:30 pm,PMB Northdale Thursday,"Raisethorpe High School, 635 Dr Chota Motala Rd PRETORIA: PRETORIA",PMB Northdale Thursday,"635 Dr Chota Motala Rd, Raisethorpe, Pietermaritzburg, 3201, South Africa",1.25,True
thursday,PRETORIA,7 pm,Thursday Bonfire,"Garsfontein, 446 Zita St 7 pm      Booysens Meeting - Thursday                      O New Apostolic Church Booysens, 1249",Thursday Bonfire,"446 Zita St, Garsfontein, Pretoria, 0081, South Africa",1.25,True
thursday,PRETORIA,7 pm,Booysens Meeting - Thursday,"New Apostolic Church Booysens, 1249 Beacon St 7 pm      Thursday Queenswood Meeting                   O, Y",Booysens Meeting - Thursday,"1249 Beacon St, Booysens, Pretoria, 0082, South Africa",1.25,True
thursday,PRETORIA,7 pm,Thursday Queenswood Meeting,"Queenswood, 239 Stead Ave 7 pm      Thursday Rooihuiskraal                       C, LIT Rooihuiskraal, 140 Hofsanger Rd",Thursday Queenswood Meeting,"239 Stead Ave, Queenswood, Pretoria, 0186, South Africa",1.25,True
thursday,PRETORIA,7 pm,Thursday Rooihuiskraal,"Rooihuiskraal, 140 Hofsanger Rd PRETORIA: RUSTENBURG 6:30 pm   Thursday Rustenburg Meeting                      O",Thursday Rooihuiskraal,"140 Hofsanger Rd, Rooihuiskraal, Centurion, 0154, South Africa",1.25,True
thursday,RUSTENBURG,6:30 pm,Thursday Rustenburg Meeting,"Rustenburg, Cuckoo Ave WESTERN CAPE: WESTERN CAPE 1 pm      Observatory (Observatory Express)",Thursday Rustenburg Meeting,"Cuckoo Ave, Rustenburg, South Africa",1.25,True
thursday,WESTERN CAPE,1 pm,Observatory (Observatory Express),"Cape Town Drug Counselling Centre, 1 Roman Rd 6 pm      Beacon Of Hope NA",Observatory (Observatory Express),"1 Roman Rd, Observatory, Cape Town, 7925, South Africa",1.25,True
thursday,WESTERN CAPE,6 pm,Beacon Of Hope NA,"Cnr of Dolfyn Street and 5th ,Onse Hoop Sentrum ,Struisbaai Noord, 27 5th Ave 7 pm      Young People's Meeting",Beacon Of Hope NA,"27 5th Ave, Struisbaai, 7285, South Africa",1.25,True
thursday,WESTERN CAPE,7 pm,Young People's Meeting,"Mountain View Baptist Church, 24 Service Rd 7 pm      Paarl Thursday",Young People's Meeting,"24 Service Rd, Muizenberg, Cape Town, 7945, South Africa",1.25,True
thursday,WESTERN CAPE,7 pm,Paarl Thursday,"Toringkerk Paarl Church hall (lower hall), Malherbe Street & Pastorie Avenue 7:10 pm   Noordhoek - New Way of Life                  EN, O",Paarl Thursday,"Malherbe Street &amp; Pastorie Avenue, Esterville, Paarl, 7646, South Africa",1.25,True
thursday,WESTERN CAPE,7:10 pm,Noordhoek - New Way of Life,"Noordhoek Community Centre, Avondrust Cir 7:30 pm   Mitchell's Plain From The Streets to The",Noordhoek - New Way of Life,"Avondrust Cir, Chapmans Peak, Cape Town, South Africa",1.25,True
thursday,WESTERN CAPE,7:30 pm,Mitchell's Plain From The Streets to The,"Seats Mitchell's Plain Family and Youth Centre, Corner of Kilimanjaro and Pyrenees Street,",Mitchell's Plain From The Streets to The Seats,"WJQP+8X, Mitchells Plain, Cape Town, South Africa",1.18,True
thursday,WESTERN CAPE,7:45 pm,Edgemead Thursday Night Meeting,"St Michael and All Angels Anglican Church, Louis Thibault Dr & Letchworth Dr",Edgemead Thursday Night Meeting,"Louis Thibault Dr &amp; Letchworth Dr, Edgemead, Cape Town, 7407, South Africa",1.25,True
thursday,WESTERN CAPE,8 pm,Bellville Boston,"Bellville Presbyterian Church Office, Lingen St 8 pm   Heathfield Welcome Home",Bellville Boston,"Lingen St, Lingen, Cape Town, 7530, South Africa",1.25,True
thursday,WESTERN CAPE,8 pm,Heathfield Welcome Home,"Corner of Gordon Rd and 2nd Road, Gordon Rd & 2nd Rd 8 pm   Observatory (Beginners Group)",Heathfield Welcome Home,"Gordon Rd &amp; 2nd Rd, Heathfield, Cape Town, 7945, South Africa",1.25,True
thursday,WESTERN CAPE,8 pm,Observatory (Beginners Group),"Observatory Community Recreation Centre Room 7, Rawson St",Observatory (Beginners Group),"Rawson St, Observatory, Cape Town, 7925, South Africa",1.25,True
friday,JOHANNESBURG,10 am,Klerksdorp - Friday - 10:00,"Alabama Grace Community Church, 63 Alex St 10:30 am   Diepsloot - Friday - 10:30                   O",Klerksdorp - Friday - 10:00,"63 Alex St, Alabama, Klerksdorp, 2577, South Africa",1.25,True
friday,JOHANNESBURG,10:30 am,Diepsloot - Friday - 10:30,"Sanca Diepsloot Boardroom, 136 Dr. Moosa Diepsloot Centre, Extension 10, Off R511, Methodist Church Complex, Albert",Diepsloot - Friday - 10:30,"Albert St, Diepsloot West 4, Diepsloot, 2189, South Africa",1.25,True
friday,JOHANNESBURG,4 pm,Soweto - Friday - 16:00,"5634 Unity Boulevard ext 2, Bram Fischerville, Unity Blvd 4:30 pm    Kagiso - Friday - 16:30",Soweto - Friday - 16:00,"Unity Blvd, Roodepoort 237-Iq, Roodepoort 237-Iq, Roodepoort, 1725, South Africa",1.25,True
friday,JOHANNESBURG,4:30 pm,Kagiso - Friday - 16:30,"Odirileng Maponya Clinic(Sonap), 2998 Kagiso Ave 6 pm       Toekomsrus - Friday - 18h00",Kagiso - Friday - 16:30,"2998 Kagiso Ave, Kagiso, Johannesburg, 1754, South Africa",1.25,True
friday,JOHANNESBURG,6 pm,Toekomsrus - Friday - 18h00,"2 Diamant St 6 pm       Vosloorus - Friday - 18:00 3859 Sebati street, Ext 1 Vosloorus 1475,",Toekomsrus - Friday - 18h00,"2 Diamant St, Toekomsrus, Randfontein, 1765, South Africa",1.25,True
friday,JOHANNESBURG,6 pm,Vosloorus - Friday - 18:00,"3859 Sebati street, Ext 1 Vosloorus 1475, 3859 Sebati Rd 6 pm       Ferndale - Friday - 18:00",Vosloorus - Friday - 18:00,"3859 Sebati Rd, Vosloorus, 1475, South Africa",1.25,True
friday,JOHANNESBURG,6 pm,Ferndale - Friday - 18:00,"420 York Ave 6 pm       Boskruin - Friday - 18:00 Akeso Crescent clinic President Fouche Dr,",Ferndale - Friday - 18:00,"420 York Ave, Ferndale, Randburg, 2194, South Africa",1.25,True
friday,JOHANNESBURG,6 pm,Boskruin - Friday - 18:00,"Akeso Crescent clinic President Fouche Dr, Boskruin, Hawken Ave & President Fouche Dr",Boskruin - Friday - 18:00,"Hawken Ave &amp; President Fouche Dr, Boskruin, Randburg, 2188, South Africa",1.25,True
friday,JOHANNESBURG,6 pm,Soweto Dube - Friday - 18:00,"Dube Community Centre, Mahalefele Rd 6:30 pm    Tembisa - Friday -18:30 Mali &amp; Congo Street. Welamlambo",Soweto Dube - Friday - 18:00,"Mahalefele Rd, Dube, Soweto, 1801, South Africa",1.25,True
friday,JOHANNESBURG,6:30 pm,Tembisa - Friday -18:30,"Mali &amp; Congo Street. Welamlambo Section. Tembisa. 1632, Congo St 7 pm       Edenvale - Friday - 19:00",Tembisa - Friday -18:30,"Congo St, Welomlambo, Thembisa, 1632, South Africa",1.25,True
friday,JOHANNESBURG,7 pm,Edenvale - Friday - 19:00,68 6th Ave 7:30 pm    Benmore - Friday - 19:30 1 Pam Rd,Edenvale - Friday - 19:00,"68 6th Ave, Edenvale, 1609, South Africa",1.25,True
friday,JOHANNESBURG,7:30 pm,Benmore - Friday - 19:30,"1 Pam Rd 7:30 pm    Linden - Friday - 19:30                      O 272 York Ave, Ferndale, Randburg, 2194,",Benmore - Friday - 19:30,"1 Pam Rd, Morningside, Sandton, 2057, South Africa",1.25,True
friday,JOHANNESBURG,7:30 pm,Linden - Friday - 19:30,"272 York Ave, Ferndale, Randburg, 2194, 272 York Ave 7:30 pm    Daxina - Friday - 19:30",Linden - Friday - 19:30,"272 York Ave, Ferndale, Randburg, 2194, South Africa",1.25,True
friday,JOHANNESBURG,7:30 pm,Daxina - Friday - 19:30,"556 Chester street, Lenasia South, Johannesburg, 556 Chester St KWAZULU-NATAL: KWAZULU-NATAL",Daxina - Friday - 19:30,"556 Chester St, Lenasia South, Johannesburg, 1829, South Africa",1.25,True
friday,KWAZULU-NATAL,4:30 pm,Scottburgh Friday,"NGK (Nederduitse Gereformeerde Kerk) Church, Ann Arbor Rd 6 pm       Salt Rock Friday Beach Meeting               O",Scottburgh Friday,"Ann Arbor Rd, Scottburgh South, Scottburgh, 4180, South Africa",1.25,True
friday,KWAZULU-NATAL,6 pm,Salt Rock Friday Beach Meeting,"Salt Rock Library, 14 Garden Rd 6 pm       Howick Friday                                C St Josephs Catholic Church, 21 Buchanan",Salt Rock Friday Beach Meeting,"14 Garden Rd, Umhlali Beach, Ballito, 4420, South Africa",1.25,True
friday,KWAZULU-NATAL,6 pm,Howick Friday,"St Josephs Catholic Church, 21 Buchanan St 7 pm       Phoenix Friday                               C",Howick Friday,"21 Buchanan St, Howick, 3290, South Africa",1.25,True
friday,KWAZULU-NATAL,7 pm,Phoenix Friday,"Foresthaven Secondary School, 205 Canehaven Dr 7 pm       Musgrave Friday                              O",Phoenix Friday,"205 Canehaven Dr, Foresthaven, Phoenix, 4068, South Africa",1.25,True
friday,KWAZULU-NATAL,7 pm,Musgrave Friday,"Holy Trinity Church, 225 Musgrave Rd 7 pm       Austerville Friday                           O Wings of Love Building, 2 Petingo Grove",Musgrave Friday,"225 Musgrave Rd, Berea, Durban, 4001, South Africa",1.25,True
friday,KWAZULU-NATAL,7 pm,Austerville Friday,"Wings of Love Building, 2 Petingo Grove 7:30 pm    PMB Midlands Friday                          O 40 Gaysingh Rd",Austerville Friday,"2 Petingo Grove, Austerville, Bluff, 4052, South Africa",1.25,True
friday,KWAZULU-NATAL,7:30 pm,PMB Midlands Friday,40 Gaysingh Rd,PMB Midlands Friday,"40 Gaysingh Rd, Northdale, Pietermaritzburg, 3201, South Africa",1.25,True
friday,KWAZULU-NATAL,7:30 pm,Sydenham Friday,"Thekwini TVET College, 262 Daintree Ave PRETORIA: PRETORIA 6 pm       Friday Mamelodi West                         EN, O",Sydenham Friday,"262 Daintree Ave, Asherville, Berea, 4091, South Africa",1.25,True
friday,PRETORIA,6 pm,Friday Mamelodi West,"Mamelodi, 19 Sweba St 7 pm       Friday Constantia Meeting                    LIT, O Constantia Park, Lea St & Judith St",Friday Mamelodi West,"19 Sweba St, Mamelodi - CA3, Pretoria, 0122, South Africa",1.25,True
friday,PRETORIA,7 pm,Friday Constantia Meeting,"Constantia Park, Lea St & Judith St WESTERN CAPE: WESTERN CAPE 12:15 pm   Freaky Fridays",Friday Constantia Meeting,"Lea St &amp; Judith St, Waterkloof Glen, Pretoria, 0010, South Africa",1.25,True
friday,WESTERN CAPE,12:15 pm,Freaky Fridays,"Kenilworth Community Presbyterian Church, 294 Main Rd 5 pm       Living Miracles, Mosselbay",Freaky Fridays,"294 Main Rd, Kenilworth, Cape Town, 7708, South Africa",1.25,True
friday,WESTERN CAPE,5 pm,"Living Miracles, Mosselbay","Harry Giddy Park, Mosselbay, South Africa, 113 Montagu St 6 pm       Durbanville Friday Keep Coming Back","Living Miracles, Mosselbay","113 Montagu St, Mossel Bay Central, Mossel Bay, 6500, South Africa",1.25,True
friday,WESTERN CAPE,6 pm,Durbanville Friday Keep Coming Back,"Durbanville Presbyterian Church, Cnr Louw St and Hafele St. Durbanville., 5 Louw St",Durbanville Friday Keep Coming Back,"5 Louw St, Durbanville, Cape Town, 7550, South Africa",1.25,True
friday,WESTERN CAPE,6 pm,Friday Kommetjie - Kom Recover,"Kommetjie Christian Church, 4 Lighthouse Rd 6 pm       Green Point JFT (F2F)",Friday Kommetjie - Kom Recover,"4 Lighthouse Rd, Kommetjie, Cape Town, 7976, South Africa",1.25,True
friday,WESTERN CAPE,6 pm,Green Point JFT (F2F),"Salesians Institute, 2 Somerset Rd 6 pm       Blouberg Friday Table View Neighborhood Watch",Green Point JFT (F2F),"2 Somerset Rd, Green Point, Cape Town, 8001, South Africa",1.25,True
friday,WESTERN CAPE,6 pm,Blouberg Friday,"Table View Neighborhood Watch Headquarters, Soccer Clb 7 pm       Living Queer Literature                          C",Blouberg Friday,"Soccer Clb, Table View, Cape Town, 7439, South Africa",1.25,True
friday,WESTERN CAPE,7 pm,Living Queer Literature,"Gilpine Scout Hall, Cedar Ave 7 pm       Friday Muizenberg Muizenberg Methodist Church, 5",Living Queer Literature,"Cedar Ave, Pinelands, Cape Town, 7405, South Africa",1.25,True
friday,WESTERN CAPE,7 pm,Friday Muizenberg,"Muizenberg Methodist Church, 5 Marchmont Rd 7 pm       Helderberg Friday",Friday Muizenberg,"5 Marchmont Rd, Muizenberg, Cape Town, 7950, South Africa",1.25,True
friday,WESTERN CAPE,7 pm,Helderberg Friday,"Somerset West United Church, 28 Bright St 8 pm       One Addict Helping Another Cedar High School, entrance off",Helderberg Friday,"28 Bright St, Somerset West, Cape Town, 7130, South Africa",1.25,True
friday,WESTERN CAPE,8 pm,One Addict Helping Another,"Cedar High School, entrance off Weltevreden Rd, Weltevreden Dr & Spine Rd",One Addict Helping Another,"Weltevreden Dr &amp; Spine Rd, Rocklands, Cape Town, 7798, South Africa",1.25,True
saturday,JOHANNESBURG,9 am,Sandhurst - Saturday - Peacock Group -,09:00 50 Saxon Rd 9 am      Soweto - Saturday - 09:00,Sandhurst - Saturday - Peacock Group - 09:00,"50 Saxon Rd, Sandhurst, Sandton, 2196, South Africa",1.164,True
saturday,JOHANNESBURG,9 am,Soweto - Saturday - 09:00,"827 Elias Motsoaledi Road, Moroka, Soweto 1860, 827 Elias Motsoaledi Rd 9 am      Randfontein - Saturday - 09:00",Soweto - Saturday - 09:00,"827 Elias Motsoaledi Rd, Rockville, Soweto, 1818, South Africa",1.25,True
saturday,JOHANNESBURG,9 am,Randfontein - Saturday - 09:00,"Ithuba centre 3315 Ralarata street mohlakeng randfontein, Ralerata St 9 am      Bedfordview - Saturday - 09:00                   LIT",Randfontein - Saturday - 09:00,"Ralerata St, Mohlakeng, Randfontein, 1759, South Africa",1.25,True
saturday,JOHANNESBURG,9 am,Bedfordview - Saturday - 09:00,"St James Presbyterian Church, 3 Oxford Rd 5 pm      Blairgowrie - Saturday - 17:00                     O Blairgowrie Recreation Centre, 8 Park Ln",Bedfordview - Saturday - 09:00,"3 Oxford Rd, Bedford Gardens, Johannesburg, 2007, South Africa",1.25,True
saturday,JOHANNESBURG,5 pm,Blairgowrie - Saturday - 17:00,"Blairgowrie Recreation Centre, 8 Park Ln 5:30 pm   Senaone Soweto - Saturday - 17:30                  O 1607 Kanya Rd",Blairgowrie - Saturday - 17:00,"8 Park Ln, Blairgowrie, Randburg, 2194, South Africa",1.25,True
saturday,JOHANNESBURG,5:30 pm,Senaone Soweto - Saturday - 17:30,"1607 Kanya Rd 6 pm      Bryanston - Saturday - 18:00 253 Bryanston Drive, 253 Bryanston Dr",Senaone Soweto - Saturday - 17:30,"1607 Kanya Rd, Senaoane, Soweto, 1818, South Africa",1.25,True
saturday,JOHANNESBURG,6 pm,Bryanston - Saturday - 18:00,"253 Bryanston Drive, 253 Bryanston Dr KWAZULU-NATAL: KWAZULU-NATAL 9 am      Scottburgh Saturday                                O",Bryanston - Saturday - 18:00,"253 Bryanston Dr, Bryanston, Sandton, 2191, South Africa",1.25,True
saturday,KWAZULU-NATAL,9 am,Scottburgh Saturday,"Scottburgh Beach, Marine Terrace (Near caravan park), Marine Terrace 2 pm      IsiZulu Saturday                                   O",Scottburgh Saturday,"Marine Terrace, Scottburgh, 4180, South Africa",1.25,True
saturday,KWAZULU-NATAL,2 pm,IsiZulu Saturday,"Denis Hurley Centre, 2 Cathedral Rd 3 pm      Phoenix Saturday                                   O Rock Foundation Ministries, Strandbrook",IsiZulu Saturday,"2 Cathedral Rd, Durban Central, Durban, 4001, South Africa",1.25,True
saturday,KWAZULU-NATAL,3 pm,Phoenix Saturday,"Rock Foundation Ministries, Strandbrook Cres & Towerbrook Cres 3 pm      Umzinto Saturday                                   O",Phoenix Saturday,"Strandbrook Cres &amp; Towerbrook Cres, Brookdale, Phoenix, 4068, South Africa",1.25,True
saturday,KWAZULU-NATAL,3 pm,Umzinto Saturday,"Wayside Chapel, Ocean View Rd 4 pm      Redhill Saturday                                   C Redhill Public Library, 8 Firwood Rd",Umzinto Saturday,"Ocean View Rd, Hazelwood, eMuziwezinto, 4200, South Africa",1.25,True
saturday,KWAZULU-NATAL,4 pm,Redhill Saturday,"Redhill Public Library, 8 Firwood Rd 4 pm      Tongaat Saturday                                   C Tongaat Central Library, 1 Victoria Ave",Redhill Saturday,"8 Firwood Rd, Greenwood Park, Durban North, 4051, South Africa",1.25,True
saturday,KWAZULU-NATAL,4 pm,Tongaat Saturday,"Tongaat Central Library, 1 Victoria Ave 5 pm      Ballito Saturday                                   O Ballito Public Library, 51 Compensation",Tongaat Saturday,"1 Victoria Ave, Gandhi`s Hill, oThongathi, 4400, South Africa",1.25,True
saturday,KWAZULU-NATAL,5 pm,Ballito Saturday,"Ballito Public Library, 51 Compensation Beach Rd 5:30 pm   NA PMB Group Saturday                              C",Ballito Saturday,"51 Compensation Beach Rd, Ballito, 4399, South Africa",1.25,True
saturday,KWAZULU-NATAL,5:30 pm,NA PMB Group Saturday,"Jesus International Ministry, Swallow Rd 7 pm      Pinetown Saturday                                  O Parish of the Immaculate Conception",NA PMB Group Saturday,"Swallow Rd, Belfort Estate, Pietermaritzburg, 3201, South Africa",1.25,True
saturday,KWAZULU-NATAL,7 pm,Pinetown Saturday,"Parish of the Immaculate Conception Catholic Church, 2 Maurice Nichols Rd PRETORIA: PRETORIA",Pinetown Saturday,"2 Maurice Nichols Rd, Hatton Estate, Pinetown, 3610, South Africa",1.25,True
saturday,PRETORIA,8 am,Saturday Hillcrest,"Hillcrest, St Wilfrid's Anglican Church 5 pm      Saturday Hillcrest Meeting (Afternoon)             O Hillcrest, St Wilfrid's Anglican Church",Saturday Hillcrest,"St Wilfrid's Anglican Church, 96 Duxbury Rd, Hillcrest, Pretoria, 0083, South Africa",1.25,True
saturday,PRETORIA,5 pm,Saturday Hillcrest Meeting (Afternoon),"Hillcrest, St Wilfrid's Anglican Church WESTERN CAPE: WESTERN CAPE 8:30 am   Knysna JFT (F2F)",Saturday Hillcrest Meeting (Afternoon),"St Wilfrid's Anglican Church, 96 Duxbury Rd, Hillcrest, Pretoria, 0083, South Africa",1.25,True
saturday,WESTERN CAPE,8:30 am,Knysna JFT (F2F),"Knysna, Trotter St 9 am      Kuilsriver Saturday Kuilsriver Public Library, 7 Carinus St",Knysna JFT (F2F),"Trotter St, Knysna Central, Knysna, 6570, South Africa",1.25,True
saturday,WESTERN CAPE,9 am,Kuilsriver Saturday,"Kuilsriver Public Library, 7 Carinus St 2 pm      Lotus River Every Step Counts                      C St Clements Primary School, St Clements",Kuilsriver Saturday,"7 Carinus St, Kuils River, Cape Town, 7580, South Africa",1.25,True
saturday,WESTERN CAPE,2 pm,Lotus River Every Step Counts,"St Clements Primary School, St Clements Way, St Clements Way 3 pm      I Can't We Can - Mitchells Plain",Lotus River Every Step Counts,"St Clements Way, Lotus River, Cape Town, 7805, South Africa",1.25,True
saturday,WESTERN CAPE,3 pm,I Can't We Can - Mitchells Plain,"Cedar High School, entrance off Weltevreden Rd, Weltevreden Dr & Spine Rd",I Can't We Can - Mitchells Plain,"Weltevreden Dr &amp; Spine Rd, Rocklands, Cape Town, 7798, South Africa",1.25,True
saturday,WESTERN CAPE,4:30 pm,Saturday Observatory,"Observatory Community Centre Hall, Rawson St & Collingwood Rd",Saturday Observatory,"Rawson St &amp; Collingwood Rd, Observatory, Cape Town, 7925, South Africa",1.25,True
saturday,WESTERN CAPE,5 pm,Crawford Living Clean,"St Mary's of Angels Catholic Church, 86 Lawrence Road, Athlone, 86 Lawrence Rd 7 pm   Goodwood Saturday Night",Crawford Living Clean,"86 Lawrence Rd, Athlone, Cape Town, 7760, South Africa",1.25,True
saturday,WESTERN CAPE,7 pm,Goodwood Saturday Night,"Church St, Goodwood Estate, Cape Town, 7460, 3HQ2+H6 Goodwood 7 pm   Saturday Night Live",Goodwood Saturday Night,"3HQ2+H6 Goodwood, Cape Town",1.25,True
saturday,WESTERN CAPE,7 pm,Saturday Night Live,"Kenilworth Community Presbyterian Church, 294 Main Rd",Saturday Night Live,"294 Main Rd, Kenilworth, Cape Town, 7708, South Africa",1.25,True
