site,endpoint,source_url,title,register_match,final_destination,decision
region,pages,https://na.org.za/my-account/,My account,True,/about,final-route
region,pages,https://na.org.za/checkout/,Checkout,True,/about,final-route
region,pages,https://na.org.za/cart/,Cart,True,/about,final-route
region,pages,https://na.org.za/shop/,Shop,True,/about,final-route
region,pages,https://na.org.za/how-to-start-an-na-meeting/,How to start an NA meeting,True,/recovery,final-route
region,pages,https://na.org.za/na-literature/,NA Literature,True,/literature,final-route
region,pages,https://na.org.za/information-about-na/,Information About NA,True,/recovery,final-route
region,pages,https://na.org.za/what-happens-at-an-na-meeting/,What Happens at an NA Meeting?,True,/recovery,final-route
region,pages,https://na.org.za/contact/,Contact,True,/contact,final-route
region,pages,https://na.org.za/about-na/,About NA,True,/about,final-route
region,pages,https://na.org.za/in-person-meetings/,In-Person Meetings,True,/recovery,final-route
region,pages,https://na.org.za/online-meetings/,Online Meetings,True,/recovery,final-route
region,pages,https://na.org.za/meetings/,Meetings,True,/meetings,final-route
region,pages,https://na.org.za/,Home,True,/about,final-route
region,posts,https://na.org.za/blog/hello-world/,Hello world!,True,/news,final-route
johannesburg,pages,https://na.org.za/jhb/contact-us/,Contact Us,True,/contact,final-route
johannesburg,pages,https://na.org.za/jhb/asc-contact-details/,ASC Contact Details,True,/contact,final-route
johannesburg,pages,https://na.org.za/jhb/policies/,Policies,True,/areas,final-route
johannesburg,pages,https://na.org.za/jhb/7th-tradition/,7th Tradition,True,/areas,final-route
johannesburg,pages,https://na.org.za/jhb/predatory-behaviour/,Predatory Behaviour,True,/areas,final-route
johannesburg,pages,https://na.org.za/jhb/subcommittees/,Subcommittees,True,/areas,final-route
johannesburg,pages,https://na.org.za/jhb/add-event/,Add Event,True,/areas,final-route
johannesburg,pages,https://na.org.za/jhb/calendar/,Calendar,True,/areas,final-route
johannesburg,pages,https://na.org.za/jhb/downloads/,Downloads,True,/literature,final-route
johannesburg,pages,https://na.org.za/jhb/na-terminology/,NA Terminology,True,/areas,final-route
johannesburg,pages,https://na.org.za/jhb/group-readings/,Group Readings,True,/areas,final-route
johannesburg,pages,https://na.org.za/jhb/literature/,Literature,True,/literature,final-route
johannesburg,pages,https://na.org.za/jhb/add-a-meeting/,Add a Meeting,True,/recovery,final-route
johannesburg,pages,https://na.org.za/jhb/na-meetings/,Meetings,True,/recovery,final-route
johannesburg,pages,https://na.org.za/jhb/new-to-na/,New To NA,True,/areas,final-route
johannesburg,pages,https://na.org.za/jhb/,Home,True,/areas,final-route
johannesburg,posts,https://na.org.za/jhb/2025/11/21/hello-world/,Hello world!,True,/areas,final-route
pretoria,pages,https://na.org.za/pta/na-meetings/,Meetings,True,/recovery,final-route
pretoria,pages,https://na.org.za/pta/for-the-newcomer/,For The Newcomer,True,/recovery,final-route
pretoria,pages,https://na.org.za/pta/group-readings/,Group Readings,True,/areas,final-route
pretoria,pages,https://na.org.za/pta/downloads/,Downloads,True,/literature,final-route
pretoria,pages,https://na.org.za/pta/literature/,Literature,True,/literature,final-route
pretoria,pages,https://na.org.za/pta/contact-us/,Contact Us,True,/contact,final-route
pretoria,pages,https://na.org.za/pta/,Home,True,/areas,final-route
pretoria,posts,https://na.org.za/pta/2025/11/21/hello-world/,Hello world!,True,/areas,final-route
pretoria,tribe_organizer,https://na.org.za/pta/organizer/rowan/,Rowan,True,/areas,final-route
pretoria,tribe_organizer,https://na.org.za/pta/organizer/chante/,Chanté,True,/areas,final-route
western-cape,pages,https://na.org.za/wc/mediapacks-announcements/,Media Packs & Announcements,True,/areas,final-route
western-cape,pages,https://na.org.za/wc/downloads-2/,Downloads 2,True,/literature,final-route
western-cape,pages,https://na.org.za/wc/preambles-for-service/,Preambles For Service,True,/areas,final-route
western-cape,pages,https://na.org.za/wc/who-are-our-members/,Who Are Our Members,True,/areas,final-route
western-cape,pages,https://na.org.za/wc/professionals/,For The Professionals,True,/areas,final-route
western-cape,pages,https://na.org.za/wc/welcome/,Welcome,True,/areas,final-route
western-cape,pages,https://na.org.za/wc/subcommittees/,Subcommittees,True,/areas,final-route
western-cape,pages,https://na.org.za/wc/policies-and-resources/,Policies and Resources,True,/literature,final-route
western-cape,pages,https://na.org.za/wc/contacts/,Contacts,True,/contact,final-route
western-cape,pages,https://na.org.za/wc/add-activity-to-the-calendar/,Add Activity To The Calendar,True,/areas,final-route
western-cape,pages,https://na.org.za/wc/calendar/,Calendar,True,/areas,final-route
western-cape,pages,https://na.org.za/wc/contribute/,Contribute,True,/areas,final-route
western-cape,pages,https://na.org.za/wc/useful-links/,Useful Links,True,/areas,final-route
western-cape,pages,https://na.org.za/wc/common-na-terminology/,Common NA Terminology,True,/areas,final-route
western-cape,pages,https://na.org.za/wc/12-step-shares/,12 Step Shares,True,/areas,final-route
western-cape,pages,https://na.org.za/wc/service/,Service,True,/areas,final-route
western-cape,pages,https://na.org.za/wc/preambles/,Preambles,True,/areas,final-route
western-cape,pages,https://na.org.za/wc/downloads/,Downloads,True,/literature,final-route
western-cape,pages,https://na.org.za/wc/in-person-meeting-update/,In-Person Meeting Update,True,/recovery,final-route
western-cape,pages,https://na.org.za/wc/online-meeting-update/,Online Meeting Update,True,/recovery,final-route
western-cape,pages,https://na.org.za/wc/checkout/,Checkout,True,/areas,final-route
western-cape,pages,https://na.org.za/wc/cart/,Cart,True,/areas,final-route
western-cape,pages,https://na.org.za/wc/shop/,Shop,True,/areas,final-route
western-cape,pages,https://na.org.za/wc/wc-events/,Events,True,/areas,final-route
western-cape,pages,https://na.org.za/wc/add-an-event/,Add an event,True,/areas,final-route
western-cape,pages,https://na.org.za/wc/what-happens-at-an-na-meeting/,What Happens at an NA Meeting?,True,/recovery,final-route
western-cape,pages,https://na.org.za/wc/online-meetings/,Online Meetings,True,/recovery,final-route
western-cape,pages,https://na.org.za/wc/na-literature/,NA Literature,True,/literature,final-route
western-cape,pages,https://na.org.za/wc/meetings/,Meetings,True,/meetings,final-route
western-cape,pages,https://na.org.za/wc/information-about-na/,Information About NA,True,/recovery,final-route
western-cape,pages,https://na.org.za/wc/in-person-meetings/,In-Person Meetings,True,/recovery,final-route
western-cape,pages,https://na.org.za/wc/how-to-start-an-na-meeting/,How to start an NA meeting,True,/recovery,final-route
western-cape,pages,https://na.org.za/wc/,Home,True,/recovery,final-route
western-cape,pages,https://na.org.za/wc/contact/,Contact,True,/contact,final-route
western-cape,pages,https://na.org.za/wc/about-na/,About NA,True,/areas,final-route
western-cape,tribe_events,https://na.org.za/wc/event/wc-events-subcomitee-presents/,WC Events Plan for 2026,True,/areas,final-route
western-cape,tribe_venue,https://na.org.za/wc/venue/milnerton-methodist-church/,Milnerton Methodist Church,True,/areas,final-route
western-cape,tribe_venue,https://na.org.za/wc/venue/bellville-presbyterian-church-office/,Bellville Presbyterian Church Office,True,/areas,final-route
western-cape,tribe_venue,https://na.org.za/wc/venue/durbanville-presbyterian-church-cnr-louw-st-and-hafele-st-durbanville-5-louw-st-durbanville-cape-town-7550-south-africa/,"Durbanville Presbyterian Church, 5 Louw St, Durbanville, Cape Town, 7550, South Africa",True,/areas,final-route
western-cape,tribe_venue,https://na.org.za/wc/venue/dance-for-all/,Dance For All,True,/areas,final-route
western-cape,tribe_venue,https://na.org.za/wc/venue/mountain-view-baptist-church/,Mountain View Baptist Church,True,/areas,final-route
western-cape,tribe_venue,https://na.org.za/wc/venue/st-clements-primary-school/,St Clements Primary School,True,/areas,final-route
western-cape,tribe_venue,https://na.org.za/wc/venue/table-view-neighborhood-watch-headquarters/,Table View Neighborhood Watch Headquarters,True,/areas,final-route
western-cape,tribe_venue,https://na.org.za/wc/venue/artscape-theatre/,Artscape Theatre,True,/areas,final-route
western-cape,tribe_venue,https://na.org.za/wc/venue/st-agnes-church/,St Agnes Church,True,/areas,final-route
western-cape,tribe_venue,https://na.org.za/wc/venue/sea-point-high-school/,Sea Point High School,True,/areas,final-route
western-cape,tribe_organizer,https://na.org.za/wc/organizer/wc-website-subcom/,WC Website Subcom,True,/areas,final-route
western-cape,tribe_organizer,https://na.org.za/wc/organizer/wc-pr-subcom-2/,WC PR Subcom,True,/areas,final-route
western-cape,tribe_organizer,https://na.org.za/wc/organizer/wc-pr-subcom/,WC PR Subcom,True,/areas,final-route
western-cape,tribe_organizer,https://na.org.za/wc/organizer/wc-events-subcom/,WC Events Subcom,True,/areas,final-route
western-cape,tribe_organizer,https://na.org.za/wc/organizer/narcotics-anonymous-western-cape/,Narcotics Anonymous Western Cape,True,/areas,final-route
kwazulu-natal,pages,https://na.org.za/kzn/area-service-committee/,Area Service Committee,True,/areas,final-route
kwazulu-natal,pages,https://na.org.za/kzn/downloads/,Downloads,True,/literature,final-route
kwazulu-natal,pages,https://na.org.za/kzn/literature/,Literature,True,/literature,final-route
kwazulu-natal,pages,https://na.org.za/kzn/preambles/,Preambles,True,/areas,final-route
kwazulu-natal,pages,https://na.org.za/kzn/na-meetings/,Meetings,True,/recovery,final-route
kwazulu-natal,pages,https://na.org.za/kzn/,Home,True,/recovery,final-route
kwazulu-natal,posts,https://na.org.za/kzn/2025/11/18/hello-world/,Hello world!,True,/areas,final-route
