url,coverage
https://na.org.za/,wordpress_rest_page_or_post
https://na.org.za/about-na/,wordpress_rest_page_or_post
https://na.org.za/blog/category/uncategorized/,taxonomy_or_archive
https://na.org.za/blog/hello-world/,wordpress_rest_page_or_post
https://na.org.za/blog/locations/,location_unmatched
https://na.org.za/blog/locations/1-pam-rd-morningside-sandton-2057-south-africa-2/,canonical_tsml_location
https://na.org.za/blog/locations/10-cnr-central-and-noord-street-noordgesig-soweto-1804-2/,canonical_tsml_location
https://na.org.za/blog/locations/10-tehore-rdmulbarton-johannesburg-south-2091/,canonical_tsml_location
https://na.org.za/blog/locations/108-colorado-dr-riverlea-johannesburg-2093-south-africa-2/,canonical_tsml_location
https://na.org.za/blog/locations/1140-cornelius-st-weltevredenpark-roodepoort-1709-south-africa/,canonical_tsml_location
https://na.org.za/blog/locations/115-grosvenor-rd-bryanston-sandton-2191-south-africa/,canonical_tsml_location
https://na.org.za/blog/locations/133-plane-road-spartan-kempton-park-1619/,canonical_tsml_location
https://na.org.za/blog/locations/134-gardiner-street-brakpan-1540/,canonical_tsml_location
https://na.org.za/blog/locations/152-market-street-fairlands/,canonical_tsml_location
https://na.org.za/blog/locations/1559-link-st-orange-farm-johannesburg-1841-south-africa/,canonical_tsml_location
https://na.org.za/blog/locations/1607-kanya-rd-senaoane-soweto-1818-south-africa-2/,canonical_tsml_location
https://na.org.za/blog/locations/1607-kanya-rd-senaoane-soweto-1818-south-africa/,canonical_tsml_location
https://na.org.za/blog/locations/1607-kanya-road-and-umthwalume-street-senaone-mvezo-community-center/,canonical_tsml_location
https://na.org.za/blog/locations/166-south-road-walkers-fruit-farms-2/,canonical_tsml_location
https://na.org.za/blog/locations/16b-penguin-dr-norscot-fourways-sandton-2055/,canonical_tsml_location
https://na.org.za/blog/locations/18-high-rd-orchards-johannesburg-2192/,canonical_tsml_location
https://na.org.za/blog/locations/19027-somo-st-pretoria-0122-south-africa/,canonical_tsml_location
https://na.org.za/blog/locations/1954-peacock-str-lenasia-south-1827-2/,canonical_tsml_location
https://na.org.za/blog/locations/1st-rosebank-air-scouts-hall/,canonical_tsml_location
https://na.org.za/blog/locations/2-diamant-st-toekomsrus-randfontein-1765-south-africa-2/,canonical_tsml_location
https://na.org.za/blog/locations/20a-7th-ave-parktown-north-johannesburg-2193-2/,canonical_tsml_location
https://na.org.za/blog/locations/243-6th-ave-mid-ennerdale-johannesburg-1830-south-africa-2/,canonical_tsml_location
https://na.org.za/blog/locations/25-vrede-street-fochville/,canonical_tsml_location
https://na.org.za/blog/locations/253-bryanston-drive-2/,canonical_tsml_location
https://na.org.za/blog/locations/27-george-ave-fairmount-johannesburg-2192-south-africa-2/,canonical_tsml_location
https://na.org.za/blog/locations/272-york-ave-ferndale-randburg-2194/,canonical_tsml_location
https://na.org.za/blog/locations/29-dippenaar-rd-noordheuwel-krugersdorp-1739-south-africa/,canonical_tsml_location
https://na.org.za/blog/locations/31-richard-rd-kengies-sandton-2055/,canonical_tsml_location
https://na.org.za/blog/locations/3131-bolani-rd-zola-soweto-1878/,canonical_tsml_location
https://na.org.za/blog/locations/33747-indaba-street-tsakane-2/,canonical_tsml_location
https://na.org.za/blog/locations/3707b-molatedi-street-zone3-diepkloof/,canonical_tsml_location
https://na.org.za/blog/locations/3859-sebati-street-ext-1-vosloorus-1475-2/,canonical_tsml_location
https://na.org.za/blog/locations/386-e-bank-ave-alexandra-2014-south-africa-2/,canonical_tsml_location
https://na.org.za/blog/locations/4-hoy-st-newclare-randburg-2/,canonical_tsml_location
https://na.org.za/blog/locations/40-gaysingh-rd-northdale-pietermaritzburg-3201-south-africa/,canonical_tsml_location
https://na.org.za/blog/locations/41-pretoria-street-oaklands-2/,canonical_tsml_location
https://na.org.za/blog/locations/420-york-ave-ferndale-randburg-2194-south-africa-2/,canonical_tsml_location
https://na.org.za/blog/locations/43-madeline-st-florida-roodepoort-1709/,canonical_tsml_location
https://na.org.za/blog/locations/45-lily-ave-northcliff-randburg-2115-south-africa-2/,canonical_tsml_location
https://na.org.za/blog/locations/5-suikerbos-street-lenasia-2/,canonical_tsml_location
https://na.org.za/blog/locations/50-saxon-rd-sandhurst-sandton-2196-south-africa/,canonical_tsml_location
https://na.org.za/blog/locations/556-chester-street-lenasia-south-johannesburg/,canonical_tsml_location
https://na.org.za/blog/locations/5634-unity-boulevard-ext-2-bram-fischerville/,canonical_tsml_location
https://na.org.za/blog/locations/6-brink-st-bryanbrink-randburg-2194-johannesburg-south-africa-2/,canonical_tsml_location
https://na.org.za/blog/locations/65-foyle-ave-crosby-johannesburg-2092/,canonical_tsml_location
https://na.org.za/blog/locations/67-nanyuki-rd-sunninghill-sandton-2157-south-africa-3/,canonical_tsml_location
https://na.org.za/blog/locations/68-6th-ave-edenvale-1609-south-africa/,canonical_tsml_location
https://na.org.za/blog/locations/68-7th-ave-parktown-north-2/,canonical_tsml_location
https://na.org.za/blog/locations/71-cr-swart-drboskruin-randburg-2188-2/,canonical_tsml_location
https://na.org.za/blog/locations/7644-eben-cuyler-dr-diepkloof-zone-1-diepmeadow-1862-south-africa-2/,canonical_tsml_location
https://na.org.za/blog/locations/8-marilyn-street-towerby-2190/,canonical_tsml_location
https://na.org.za/blog/locations/827-elias-motsoaledi-road-moroka-soweto-1860/,canonical_tsml_location
https://na.org.za/blog/locations/86-buitekant-st-alabama-klerksdorp/,canonical_tsml_location
https://na.org.za/blog/locations/90-abraham-st-mantervrede-ah-vanderbijlpark-1900/,canonical_tsml_location
https://na.org.za/blog/locations/92-voortrekker-ave-edenvale-1609-2/,canonical_tsml_location
https://na.org.za/blog/locations/929-leoatleng-street-central-western-jabavu-2/,canonical_tsml_location
https://na.org.za/blog/locations/akeso-crescent-clinic-president-fouche-dr-boskruin/,canonical_tsml_location
https://na.org.za/blog/locations/alabama-grace-community-church/,canonical_tsml_location
https://na.org.za/blog/locations/alberton-civic-center-3rd-floor-alwyn-taljaard-ave-new-redruth-alberton-1449-south-africa-2/,canonical_tsml_location
https://na.org.za/blog/locations/albertus-pop-recreation-centre/,canonical_tsml_location
https://na.org.za/blog/locations/ballito-public-library/,canonical_tsml_location
https://na.org.za/blog/locations/belverdere-community-centre/,canonical_tsml_location
https://na.org.za/blog/locations/berachah-church/,canonical_tsml_location
https://na.org.za/blog/locations/berea-church/,canonical_tsml_location
https://na.org.za/blog/locations/blairgowrie-recreation-centre-2/,canonical_tsml_location
https://na.org.za/blog/locations/blessed-liberat-catholic-church/,canonical_tsml_location
https://na.org.za/blog/locations/bosmont-recreation-centre/,canonical_tsml_location
https://na.org.za/blog/locations/braamficher-phase-1-amandla-boulevard/,canonical_tsml_location
https://na.org.za/blog/locations/brackenhurst-methodist-church-9-toinette-st-brackenhurst-alberton-1453-south-africa/,canonical_tsml_location
https://na.org.za/blog/locations/brixton/,canonical_tsml_location
https://na.org.za/blog/locations/buffelsdale-community-hall/,canonical_tsml_location
https://na.org.za/blog/locations/calvary-methodist-church-2/,canonical_tsml_location
https://na.org.za/blog/locations/christ-church-north-coast-2/,canonical_tsml_location
https://na.org.za/blog/locations/church-st-goodwood-estate-cape-town-7460-2/,canonical_tsml_location
https://na.org.za/blog/locations/collegevale-primary-school/,canonical_tsml_location
https://na.org.za/blog/locations/constantia-park-2/,canonical_tsml_location
https://na.org.za/blog/locations/constantia-park/,canonical_tsml_location
https://na.org.za/blog/locations/denis-hurley-centre/,canonical_tsml_location
https://na.org.za/blog/locations/depot-road-memorial-primary-school/,canonical_tsml_location
https://na.org.za/blog/locations/dube-community-centre-2/,canonical_tsml_location
https://na.org.za/blog/locations/durban-north-methodist-church/,canonical_tsml_location
https://na.org.za/blog/locations/durbanville-presbyterian-church-cnr-louw-st-and-hafele-st-durbanville-2/,canonical_tsml_location
https://na.org.za/blog/locations/eastwood/,canonical_tsml_location
https://na.org.za/blog/locations/edenvale-methodist-church-57-6th-ave-edenvale-1610-south-africa/,canonical_tsml_location
https://na.org.za/blog/locations/eersterus/,canonical_tsml_location
https://na.org.za/blog/locations/eldorado-park-ext-9-community-clinic-and-center-2/,canonical_tsml_location
https://na.org.za/blog/locations/foresthaven-secondary-school/,canonical_tsml_location
https://na.org.za/blog/locations/fynnlands-primary-school/,canonical_tsml_location
https://na.org.za/blog/locations/garsfontein-2/,canonical_tsml_location
https://na.org.za/blog/locations/garsfontein/,canonical_tsml_location
https://na.org.za/blog/locations/girl-guide-hall/,canonical_tsml_location
https://na.org.za/blog/locations/good-tidings-full-gospel-church/,canonical_tsml_location
https://na.org.za/blog/locations/gracepoint-church-2/,canonical_tsml_location
https://na.org.za/blog/locations/hammanskraal-2/,canonical_tsml_location
https://na.org.za/blog/locations/hammanskraal/,canonical_tsml_location
https://na.org.za/blog/locations/hillcrest-presbyterian-family-church/,canonical_tsml_location
https://na.org.za/blog/locations/hillcrest/,canonical_tsml_location
https://na.org.za/blog/locations/holy-trinity-church/,canonical_tsml_location
https://na.org.za/blog/locations/immanuel-church/,canonical_tsml_location
https://na.org.za/blog/locations/ithuba-centre-3315-ralarata-street-mohlakeng-randfontein-2/,canonical_tsml_location
https://na.org.za/blog/locations/jesus-international-ministry/,canonical_tsml_location
https://na.org.za/blog/locations/johannesburg-south-2190-south-africa/,canonical_tsml_location
https://na.org.za/blog/locations/johannesburg/,canonical_tsml_location
https://na.org.za/blog/locations/kwazulu-natal/,canonical_tsml_location
https://na.org.za/blog/locations/laudium/,canonical_tsml_location
https://na.org.za/blog/locations/lynnwoodrif-gemeente/,canonical_tsml_location
https://na.org.za/blog/locations/lyttleton-2/,canonical_tsml_location
https://na.org.za/blog/locations/lyttleton/,canonical_tsml_location
https://na.org.za/blog/locations/mabewana-primary-school/,canonical_tsml_location
https://na.org.za/blog/locations/mabopane-service-point/,canonical_tsml_location
https://na.org.za/blog/locations/mali-congo-street-welamlambo-section-tembisa-1632-2/,canonical_tsml_location
https://na.org.za/blog/locations/mamelodi-2/,canonical_tsml_location
https://na.org.za/blog/locations/mamelodi/,canonical_tsml_location
https://na.org.za/blog/locations/margate-methodist-church/,canonical_tsml_location
https://na.org.za/blog/locations/memezelo-secondary-highschool/,canonical_tsml_location
https://na.org.za/blog/locations/merebank-secondary/,canonical_tsml_location
https://na.org.za/blog/locations/montana/,canonical_tsml_location
https://na.org.za/blog/locations/naledi-sports-complex-naledi-ext-2-742-cnr-letsatsi-radebe-st-soweto-south-africa/,canonical_tsml_location
https://na.org.za/blog/locations/nelson-mandela-youth-centre/,canonical_tsml_location
https://na.org.za/blog/locations/new-apostolic-church-booysens/,canonical_tsml_location
https://na.org.za/blog/locations/newlands-east-library/,canonical_tsml_location
https://na.org.za/blog/locations/ngk-nederduitse-gereformeerde-kerk-church/,canonical_tsml_location
https://na.org.za/blog/locations/north-beach-in-front-of-minitown/,canonical_tsml_location
https://na.org.za/blog/locations/northcliff-union-church-cnr-dawn-and-pendoring-road/,canonical_tsml_location
https://na.org.za/blog/locations/odirileng-maponya-clinicsonap/,canonical_tsml_location
https://na.org.za/blog/locations/olive-tree-church-kloof/,canonical_tsml_location
https://na.org.za/blog/locations/olympus/,canonical_tsml_location
https://na.org.za/blog/locations/parish-of-the-immaculate-conception-catholic-church/,canonical_tsml_location
https://na.org.za/blog/locations/parkhurst-recreation-centre/,canonical_tsml_location
https://na.org.za/blog/locations/pennington-methodist-church/,canonical_tsml_location
https://na.org.za/blog/locations/phefeni-recreation-center-12764-funani-street-orlando-wes/,canonical_tsml_location
https://na.org.za/blog/locations/phoenix-victory-center/,canonical_tsml_location
https://na.org.za/blog/locations/pimville-zone-4-pcc-hall-11624-mathithibala-st-pimville-zone-4-pimville-1809/,canonical_tsml_location
https://na.org.za/blog/locations/pretoria-south-africa/,canonical_tsml_location
https://na.org.za/blog/locations/protea-glen-recreation-center-1703-milkwood-streetm-protea-glen-ext-2/,canonical_tsml_location
https://na.org.za/blog/locations/queensburgh-community-hall/,canonical_tsml_location
https://na.org.za/blog/locations/queenswood/,canonical_tsml_location
https://na.org.za/blog/locations/raisethorpe-high-school/,canonical_tsml_location
https://na.org.za/blog/locations/real-life-church-86-viljoen-st-krugersdorp-north-krugersdorp-1740-2/,canonical_tsml_location
https://na.org.za/blog/locations/redhill-public-library/,canonical_tsml_location
https://na.org.za/blog/locations/ring-road-block-4-doornkop-johannesburg-2091-gauteng-2/,canonical_tsml_location
https://na.org.za/blog/locations/ring-road-block-4-doornkop-johannesburg-2091-gauteng/,canonical_tsml_location
https://na.org.za/blog/locations/rock-foundation-ministries-corner-of-strandbrook-and-towerbrook/,canonical_tsml_location
https://na.org.za/blog/locations/rock-foundation-ministries/,canonical_tsml_location
https://na.org.za/blog/locations/rooihuiskraal/,canonical_tsml_location
https://na.org.za/blog/locations/rosettenville-2/,canonical_tsml_location
https://na.org.za/blog/locations/rustenburg-2/,canonical_tsml_location
https://na.org.za/blog/locations/rustenburg-3/,canonical_tsml_location
https://na.org.za/blog/locations/rustenburg-4/,canonical_tsml_location
https://na.org.za/blog/locations/rustenburg-6/,canonical_tsml_location
https://na.org.za/blog/locations/rustenburg/,canonical_tsml_location
https://na.org.za/blog/locations/saint-peters-united-church/,canonical_tsml_location
https://na.org.za/blog/locations/salt-rock-library/,canonical_tsml_location
https://na.org.za/blog/locations/sanca-diepsloot-boardroom-136-dr-moosa-diepsloot-centre-extension-10-off-r511-methodist-church-complex-2/,canonical_tsml_location
https://na.org.za/blog/locations/scottburgh-beach-marine-terrace-near-caravan-park/,canonical_tsml_location
https://na.org.za/blog/locations/scottsville-pietermaritzburg/,canonical_tsml_location
https://na.org.za/blog/locations/sharicrest-primary-school/,canonical_tsml_location
https://na.org.za/blog/locations/shrimati-anandben-desai-pre-primary-school/,canonical_tsml_location
https://na.org.za/blog/locations/st-agnes-catholic-church/,canonical_tsml_location
https://na.org.za/blog/locations/st-barnabus-church/,canonical_tsml_location
https://na.org.za/blog/locations/st-francis-methodist-church-1-talton-road-forest-town/,canonical_tsml_location
https://na.org.za/blog/locations/st-james-presbyterian-church-2/,canonical_tsml_location
https://na.org.za/blog/locations/st-josephs-catholic-church/,canonical_tsml_location
https://na.org.za/blog/locations/st-marys-anglican-church/,canonical_tsml_location
https://na.org.za/blog/locations/st-thomas-anglican-church/,canonical_tsml_location
https://na.org.za/blog/locations/thabazimbi/,canonical_tsml_location
https://na.org.za/blog/locations/thames-house-hope-st-city-power-complex-2/,canonical_tsml_location
https://na.org.za/blog/locations/thekwini-tvet-college/,canonical_tsml_location
https://na.org.za/blog/locations/tongaat-central-library/,canonical_tsml_location
https://na.org.za/blog/locations/umbilo-methodist-church/,canonical_tsml_location
https://na.org.za/blog/locations/wanderers-cricket-stadium-35-corlette-drive-illovo/,canonical_tsml_location
https://na.org.za/blog/locations/waterkloof-ridge/,canonical_tsml_location
https://na.org.za/blog/locations/waterkloof/,canonical_tsml_location
https://na.org.za/blog/locations/wayside-chapel/,canonical_tsml_location
https://na.org.za/blog/locations/westville-methodist-church/,canonical_tsml_location
https://na.org.za/blog/locations/wings-of-love-building/,canonical_tsml_location
https://na.org.za/blog/meetings/,meeting_unmatched
https://na.org.za/blog/meetings/afrikaans/,canonical_tsml_meeting
https://na.org.za/blog/meetings/alabama-klerksdorp-sunday-1730-2/,canonical_tsml_meeting
https://na.org.za/blog/meetings/alabama-klerksdorp-thursday-1730-2/,meeting_unmatched
https://na.org.za/blog/meetings/alabama-klerksdorp-thursday-1730/,canonical_tsml_meeting
https://na.org.za/blog/meetings/alabama-klerksdorp-tuesday-1730/,canonical_tsml_meeting
https://na.org.za/blog/meetings/alberton-thursday-1930-2/,meeting_unmatched
https://na.org.za/blog/meetings/alberton-thursday-1930/,canonical_tsml_meeting
https://na.org.za/blog/meetings/alberton-tuesday-1930-2/,canonical_tsml_meeting
https://na.org.za/blog/meetings/alexander-sunday-1600-2/,canonical_tsml_meeting
https://na.org.za/blog/meetings/amanzimtoti-tuesday/,canonical_tsml_meeting
https://na.org.za/blog/meetings/austerville-friday/,canonical_tsml_meeting
https://na.org.za/blog/meetings/austerville-monday/,canonical_tsml_meeting
https://na.org.za/blog/meetings/austerville-wednesday/,canonical_tsml_meeting
https://na.org.za/blog/meetings/back-to-basics/,canonical_tsml_meeting
https://na.org.za/blog/meetings/ballito-saturday/,canonical_tsml_meeting
https://na.org.za/blog/meetings/beacon-of-hope-na/,canonical_tsml_meeting
https://na.org.za/blog/meetings/bedfordview-saturday-0900-2/,canonical_tsml_meeting
https://na.org.za/blog/meetings/beginners-group/,canonical_tsml_meeting
https://na.org.za/blog/meetings/bellville/,canonical_tsml_meeting
https://na.org.za/blog/meetings/benmore-sunday-1800-2/,canonical_tsml_meeting
https://na.org.za/blog/meetings/benmore-tuesday-1930-2/,meeting_unmatched
https://na.org.za/blog/meetings/benmore-tuesday-1930-3/,canonical_tsml_meeting
https://na.org.za/blog/meetings/benmore-tuesdays-1930-2/,canonical_tsml_meeting
https://na.org.za/blog/meetings/besileia-tuesday-meeting-open/,canonical_tsml_meeting
https://na.org.za/blog/meetings/blairgowrie-saturday-1700-2/,canonical_tsml_meeting
https://na.org.za/blog/meetings/blouberg-2/,canonical_tsml_meeting
https://na.org.za/blog/meetings/blouberg/,canonical_tsml_meeting
https://na.org.za/blog/meetings/blue-monday-steenberg/,canonical_tsml_meeting
https://na.org.za/blog/meetings/bluff-tuesday/,canonical_tsml_meeting
https://na.org.za/blog/meetings/bonfire-saturday-2/,canonical_tsml_meeting
https://na.org.za/blog/meetings/bonfire-saturday/,meeting_unmatched
https://na.org.za/blog/meetings/bonteheuwel/,canonical_tsml_meeting
https://na.org.za/blog/meetings/booysens-meeting-thursday-open/,canonical_tsml_meeting
https://na.org.za/blog/meetings/boskriun-friday-2/,canonical_tsml_meeting
https://na.org.za/blog/meetings/boskruin-tuesday/,canonical_tsml_meeting
https://na.org.za/blog/meetings/boskruin-wednesday-1900-2/,canonical_tsml_meeting
https://na.org.za/blog/meetings/bosmont-thursday-1830/,canonical_tsml_meeting
https://na.org.za/blog/meetings/braam-fischer-thursday-1600-2/,canonical_tsml_meeting
https://na.org.za/blog/meetings/braam-fischer-tuesday-1600/,canonical_tsml_meeting
https://na.org.za/blog/meetings/brackenhurst-monday-1900-2/,canonical_tsml_meeting
https://na.org.za/blog/meetings/brackenhurst-wednesday-1930/,canonical_tsml_meeting
https://na.org.za/blog/meetings/brakpan-tuesday-1800/,canonical_tsml_meeting
https://na.org.za/blog/meetings/brixton-real-talk/,canonical_tsml_meeting
https://na.org.za/blog/meetings/bryanston-saturday-1800-2/,canonical_tsml_meeting
https://na.org.za/blog/meetings/bryanston-thursday-1930/,canonical_tsml_meeting
https://na.org.za/blog/meetings/buffelsdale-wednesday-meeting/,canonical_tsml_meeting
https://na.org.za/blog/meetings/central-western-jabavu-soweto-thursday-1800-2/,canonical_tsml_meeting
https://na.org.za/blog/meetings/chatsworth-monday/,canonical_tsml_meeting
https://na.org.za/blog/meetings/chatsworth-wednesday-step-work/,canonical_tsml_meeting
https://na.org.za/blog/meetings/city-bowl/,canonical_tsml_meeting
https://na.org.za/blog/meetings/city-group-wednesday/,canonical_tsml_meeting
https://na.org.za/blog/meetings/claremont-express-meeting/,canonical_tsml_meeting
https://na.org.za/blog/meetings/constantia/,canonical_tsml_meeting
https://na.org.za/blog/meetings/crawford/,canonical_tsml_meeting
https://na.org.za/blog/meetings/crosby-wednesday-1900/,canonical_tsml_meeting
https://na.org.za/blog/meetings/ct-womens-meeting-2/,meeting_unmatched
https://na.org.za/blog/meetings/ct-womens-meeting-3/,canonical_tsml_meeting
https://na.org.za/blog/meetings/ct-womens-meeting/,canonical_tsml_meeting
https://na.org.za/blog/meetings/delft/,canonical_tsml_meeting
https://na.org.za/blog/meetings/diepkloof-thursdays-1800-2/,canonical_tsml_meeting
https://na.org.za/blog/meetings/diepkloof-tuesdays-1800/,canonical_tsml_meeting
https://na.org.za/blog/meetings/diepsloot-friday-1030-2/,canonical_tsml_meeting
https://na.org.za/blog/meetings/durban-beach-sunday/,canonical_tsml_meeting
https://na.org.za/blog/meetings/durban-north-monday/,canonical_tsml_meeting
https://na.org.za/blog/meetings/durbanville-2/,canonical_tsml_meeting
https://na.org.za/blog/meetings/durbanville-wednesday-lunch/,canonical_tsml_meeting
https://na.org.za/blog/meetings/durbanville/,canonical_tsml_meeting
https://na.org.za/blog/meetings/edenvale-friday-1900-2/,canonical_tsml_meeting
https://na.org.za/blog/meetings/edenvale-friday-1900-3/,meeting_unmatched
https://na.org.za/blog/meetings/edenvale-friday-1900/,meeting_unmatched
https://na.org.za/blog/meetings/edenvale-monday-1930-2/,canonical_tsml_meeting
https://na.org.za/blog/meetings/edenvale-wednesday-1930/,canonical_tsml_meeting
https://na.org.za/blog/meetings/eersterus-2/,canonical_tsml_meeting
https://na.org.za/blog/meetings/eldorado-park-saturday-1000-2/,canonical_tsml_meeting
https://na.org.za/blog/meetings/eldorado-park-wednesday-1930/,canonical_tsml_meeting
https://na.org.za/blog/meetings/ennerdale-tuesday-2000-2/,canonical_tsml_meeting
https://na.org.za/blog/meetings/ennerdale-tuesday-2000/,meeting_unmatched
https://na.org.za/blog/meetings/esihlahleni-tsakane-daily-1730-2/,canonical_tsml_meeting
https://na.org.za/blog/meetings/fairlands-tuesday-1900/,canonical_tsml_meeting
https://na.org.za/blog/meetings/ferndale-friday-1800-2/,canonical_tsml_meeting
https://na.org.za/blog/meetings/florida-mondays-1830/,canonical_tsml_meeting
https://na.org.za/blog/meetings/forest-town-thursday-1930/,canonical_tsml_meeting
https://na.org.za/blog/meetings/fourways-tuesdays-1930/,canonical_tsml_meeting
https://na.org.za/blog/meetings/freaky-fridays/,canonical_tsml_meeting
https://na.org.za/blog/meetings/friday-ballito-beach-meeting/,canonical_tsml_meeting
https://na.org.za/blog/meetings/friday-second-chance-meeting/,canonical_tsml_meeting
https://na.org.za/blog/meetings/fynnlands-thursday/,canonical_tsml_meeting
https://na.org.za/blog/meetings/goodwood/,canonical_tsml_meeting
https://na.org.za/blog/meetings/gordons-bay/,canonical_tsml_meeting
https://na.org.za/blog/meetings/grassy_park/,canonical_tsml_meeting
https://na.org.za/blog/meetings/green-point-just-for-today/,canonical_tsml_meeting
https://na.org.za/blog/meetings/green-point-topic-meeting-share-2/,canonical_tsml_meeting
https://na.org.za/blog/meetings/green-point-topic-meeting-share/,canonical_tsml_meeting
https://na.org.za/blog/meetings/green-point/,canonical_tsml_meeting
https://na.org.za/blog/meetings/greenpoint/,canonical_tsml_meeting
https://na.org.za/blog/meetings/group-living-clean-format-literature-study/,canonical_tsml_meeting
https://na.org.za/blog/meetings/hammanskraal-meeting-monday-open/,canonical_tsml_meeting
https://na.org.za/blog/meetings/hammanskraal-tuesday-meeting-open/,canonical_tsml_meeting
https://na.org.za/blog/meetings/hanover-park-get-back-up/,canonical_tsml_meeting
https://na.org.za/blog/meetings/helderberg/,canonical_tsml_meeting
https://na.org.za/blog/meetings/hillcrest-sunday/,canonical_tsml_meeting
https://na.org.za/blog/meetings/hillcrest-thursday/,canonical_tsml_meeting
https://na.org.za/blog/meetings/hour-of-power-online/,canonical_tsml_meeting
https://na.org.za/blog/meetings/howick-friday/,canonical_tsml_meeting
https://na.org.za/blog/meetings/howick-wednesday-mens-meeting/,canonical_tsml_meeting
https://na.org.za/blog/meetings/huringham-saturday-0900/,canonical_tsml_meeting
https://na.org.za/blog/meetings/i-cant-we-can-wednesday/,canonical_tsml_meeting
https://na.org.za/blog/meetings/isizulu-meeting-3-2/,canonical_tsml_meeting
https://na.org.za/blog/meetings/isizulu-saturday/,canonical_tsml_meeting
https://na.org.za/blog/meetings/isizulu-sunday-online/,canonical_tsml_meeting
https://na.org.za/blog/meetings/jft-online-2/,canonical_tsml_meeting
https://na.org.za/blog/meetings/jft-online-3/,canonical_tsml_meeting
https://na.org.za/blog/meetings/jft-online-4/,canonical_tsml_meeting
https://na.org.za/blog/meetings/jft-online-5/,canonical_tsml_meeting
https://na.org.za/blog/meetings/jft-online-6/,canonical_tsml_meeting
https://na.org.za/blog/meetings/jft-online-7/,canonical_tsml_meeting
https://na.org.za/blog/meetings/jft-online/,canonical_tsml_meeting
https://na.org.za/blog/meetings/jft/,canonical_tsml_meeting
https://na.org.za/blog/meetings/johannesburg-friday-500-pm/,canonical_tsml_meeting
https://na.org.za/blog/meetings/johannesburg-sunday-530-pm/,canonical_tsml_meeting
https://na.org.za/blog/meetings/johannesburg-wednesday-700-pm/,canonical_tsml_meeting
https://na.org.za/blog/meetings/just-for-today-2-2/,canonical_tsml_meeting
https://na.org.za/blog/meetings/just-for-today-2/,canonical_tsml_meeting
https://na.org.za/blog/meetings/just-for-today-2a/,canonical_tsml_meeting
https://na.org.za/blog/meetings/just-for-today-3/,canonical_tsml_meeting
https://na.org.za/blog/meetings/just-for-today-3a/,canonical_tsml_meeting
https://na.org.za/blog/meetings/just-for-today-5/,canonical_tsml_meeting
https://na.org.za/blog/meetings/just-for-today-7/,canonical_tsml_meeting
https://na.org.za/blog/meetings/just-for-today/,canonical_tsml_meeting
https://na.org.za/blog/meetings/kagiso-friday-1700/,canonical_tsml_meeting
https://na.org.za/blog/meetings/kalk-bay/,canonical_tsml_meeting
https://na.org.za/blog/meetings/kempton-park-monday-1830/,canonical_tsml_meeting
https://na.org.za/blog/meetings/kempton-park-thursday-1930-2-2/,meeting_unmatched
https://na.org.za/blog/meetings/kenilworth-3/,canonical_tsml_meeting
https://na.org.za/blog/meetings/klerksdorp-friday-1000/,canonical_tsml_meeting
https://na.org.za/blog/meetings/klerksdorp-monday-1000/,canonical_tsml_meeting
https://na.org.za/blog/meetings/klerksdorp-thursday-1800/,canonical_tsml_meeting
https://na.org.za/blog/meetings/klerksdorp-wednesday-1000/,canonical_tsml_meeting
https://na.org.za/blog/meetings/kloof-tuesday/,canonical_tsml_meeting
https://na.org.za/blog/meetings/knysna-wednesday-700-pm-2/,canonical_tsml_meeting
https://na.org.za/blog/meetings/knysna-wednesday-700-pm/,canonical_tsml_meeting
https://na.org.za/blog/meetings/krugersdorp-thursday-1900-2/,canonical_tsml_meeting
https://na.org.za/blog/meetings/krugersdorp-tuesday/,canonical_tsml_meeting
https://na.org.za/blog/meetings/kuilsriver/,canonical_tsml_meeting
https://na.org.za/blog/meetings/kyalami-tuesday-2000-2/,meeting_unmatched
https://na.org.za/blog/meetings/kyalami-tuesday-2000-3/,canonical_tsml_meeting
https://na.org.za/blog/meetings/lansdowne/,canonical_tsml_meeting
https://na.org.za/blog/meetings/lenasia-south-fridays-1930/,canonical_tsml_meeting
https://na.org.za/blog/meetings/lenasia-south-wednesday-1900-3/,canonical_tsml_meeting
https://na.org.za/blog/meetings/lenasia-south-wednesday-1900/,meeting_unmatched
https://na.org.za/blog/meetings/lenasia-wednesday-2000-2/,canonical_tsml_meeting
https://na.org.za/blog/meetings/lgbt/,canonical_tsml_meeting
https://na.org.za/blog/meetings/lgbtqia-monday-1900-online/,canonical_tsml_meeting
https://na.org.za/blog/meetings/linden-friday-1930-2/,meeting_unmatched
https://na.org.za/blog/meetings/linden-friday-1930/,canonical_tsml_meeting
https://na.org.za/blog/meetings/living-miracles/,canonical_tsml_meeting
https://na.org.za/blog/meetings/living-queer-lit/,canonical_tsml_meeting
https://na.org.za/blog/meetings/living-queer/,canonical_tsml_meeting
https://na.org.za/blog/meetings/lotus-river-every-step-counts/,canonical_tsml_meeting
https://na.org.za/blog/meetings/mamelodi-west-open2/,canonical_tsml_meeting
https://na.org.za/blog/meetings/mamelodi/,canonical_tsml_meeting
https://na.org.za/blog/meetings/manenberg-new-hope-meeting/,canonical_tsml_meeting
https://na.org.za/blog/meetings/mapetla-tuesdays-1800-2/,canonical_tsml_meeting
https://na.org.za/blog/meetings/mapetla-tuesdays-1800/,meeting_unmatched
https://na.org.za/blog/meetings/margate-thursday/,canonical_tsml_meeting
https://na.org.za/blog/meetings/mens-meeting/,canonical_tsml_meeting
https://na.org.za/blog/meetings/merebank-sunday/,canonical_tsml_meeting
https://na.org.za/blog/meetings/midnight-meeting/,canonical_tsml_meeting
https://na.org.za/blog/meetings/midrand-thursday-1930-2/,canonical_tsml_meeting
https://na.org.za/blog/meetings/miracles-milestones/,canonical_tsml_meeting
https://na.org.za/blog/meetings/mitchells-plain-from-the-streets-to-the-seats/,canonical_tsml_meeting
https://na.org.za/blog/meetings/mitchells-plain-grow-and-change-group/,canonical_tsml_meeting
https://na.org.za/blog/meetings/mitchells-plain/,canonical_tsml_meeting
https://na.org.za/blog/meetings/mitchells_plein/,canonical_tsml_meeting
https://na.org.za/blog/meetings/monday-rietvlei-meeting-open/,canonical_tsml_meeting
https://na.org.za/blog/meetings/monday-rustenburg-meeting-open/,canonical_tsml_meeting
https://na.org.za/blog/meetings/monday-second-chance-meeting/,canonical_tsml_meeting
https://na.org.za/blog/meetings/mossel-bay/,canonical_tsml_meeting
https://na.org.za/blog/meetings/muizenberg/,canonical_tsml_meeting
https://na.org.za/blog/meetings/musgrave-friday/,canonical_tsml_meeting
https://na.org.za/blog/meetings/na-edgemead-narcotics-anonymous-cape-town-keep-it-simple-na-thursday-na-meeting-na-support-group-western-cape-na-speaker-meeting-edgemead/,canonical_tsml_meeting
https://na.org.za/blog/meetings/na-hermanus/,canonical_tsml_meeting
https://na.org.za/blog/meetings/naledi-wednesday-1130/,canonical_tsml_meeting
https://na.org.za/blog/meetings/narcotics-annonymous-fochville/,canonical_tsml_meeting
https://na.org.za/blog/meetings/narcotics-anonymous-lenz-ext-10/,canonical_tsml_meeting
https://na.org.za/blog/meetings/new-meeting-thursday-700-pm/,canonical_tsml_meeting
https://na.org.za/blog/meetings/newclare-tuesday-1930/,canonical_tsml_meeting
https://na.org.za/blog/meetings/newlands-east-monday/,canonical_tsml_meeting
https://na.org.za/blog/meetings/newlands-west-thursday/,canonical_tsml_meeting
https://na.org.za/blog/meetings/noordgesig-wednesday-1800-2/,canonical_tsml_meeting
https://na.org.za/blog/meetings/noordhoek-new-way-of-life-2/,canonical_tsml_meeting
https://na.org.za/blog/meetings/norscort-wednesday-1900-2/,canonical_tsml_meeting
https://na.org.za/blog/meetings/norscot-monday-1930/,canonical_tsml_meeting
https://na.org.za/blog/meetings/northcliff-lgbtq-thursday-2/,canonical_tsml_meeting
https://na.org.za/blog/meetings/northcliff-wednesday-1930/,canonical_tsml_meeting
https://na.org.za/blog/meetings/observatory-2/,canonical_tsml_meeting
https://na.org.za/blog/meetings/observatory-express/,canonical_tsml_meeting
https://na.org.za/blog/meetings/observatory/,canonical_tsml_meeting
https://na.org.za/blog/meetings/on-course-recovery-thursday-1830/,meeting_unmatched
https://na.org.za/blog/meetings/on-course-recovery-thursday-1915/,canonical_tsml_meeting
https://na.org.za/blog/meetings/open-meeting/,canonical_tsml_meeting
https://na.org.za/blog/meetings/orange-farm-monday-1600/,canonical_tsml_meeting
https://na.org.za/blog/meetings/outreach-12-past-midnight-meeting-2/,canonical_tsml_meeting
https://na.org.za/blog/meetings/overport-sunday/,canonical_tsml_meeting
https://na.org.za/blog/meetings/paarl/,canonical_tsml_meeting
https://na.org.za/blog/meetings/page-by-page/,canonical_tsml_meeting
https://na.org.za/blog/meetings/park-rynie-sunday/,canonical_tsml_meeting
https://na.org.za/blog/meetings/parkhurst-sunday-1800-2/,canonical_tsml_meeting
https://na.org.za/blog/meetings/parkhurst-wednesday-1500-3/,canonical_tsml_meeting
https://na.org.za/blog/meetings/parkhurst-wednesday-1930/,canonical_tsml_meeting
https://na.org.za/blog/meetings/pennington-tuesday/,canonical_tsml_meeting
https://na.org.za/blog/meetings/phefeni-miracles/,canonical_tsml_meeting
https://na.org.za/blog/meetings/phiri-primary-purpose-monday-1800/,canonical_tsml_meeting
https://na.org.za/blog/meetings/phoenix-friday/,canonical_tsml_meeting
https://na.org.za/blog/meetings/phoenix-monday/,canonical_tsml_meeting
https://na.org.za/blog/meetings/phoenix-saturday/,canonical_tsml_meeting
https://na.org.za/blog/meetings/phoenix-sunday/,canonical_tsml_meeting
https://na.org.za/blog/meetings/phoenix-thursday/,canonical_tsml_meeting
https://na.org.za/blog/meetings/phoenix-tuesday/,canonical_tsml_meeting
https://na.org.za/blog/meetings/pinetown-saturday/,canonical_tsml_meeting
https://na.org.za/blog/meetings/pink-cloud-2/,canonical_tsml_meeting
https://na.org.za/blog/meetings/plettenberg-bay-2/,canonical_tsml_meeting
https://na.org.za/blog/meetings/plettenberg-bay/,canonical_tsml_meeting
https://na.org.za/blog/meetings/plumstead-strength-and-unity/,canonical_tsml_meeting
https://na.org.za/blog/meetings/pmb-friday/,canonical_tsml_meeting
https://na.org.za/blog/meetings/pmb-midlands-friday/,canonical_tsml_meeting
https://na.org.za/blog/meetings/pmb-saturday/,canonical_tsml_meeting
https://na.org.za/blog/meetings/pmb-tuesday/,canonical_tsml_meeting
https://na.org.za/blog/meetings/pmb-wednesday/,canonical_tsml_meeting
https://na.org.za/blog/meetings/protea-glen-tuesday-1200/,canonical_tsml_meeting
https://na.org.za/blog/meetings/proteapark-wednesday-meeting-open/,canonical_tsml_meeting
https://na.org.za/blog/meetings/randburg-tuesday-1930/,canonical_tsml_meeting
https://na.org.za/blog/meetings/randfontein-saturday-0900-2/,canonical_tsml_meeting
https://na.org.za/blog/meetings/redhill-friday/,canonical_tsml_meeting
https://na.org.za/blog/meetings/redhill-tuesday/,canonical_tsml_meeting
https://na.org.za/blog/meetings/retreat/,canonical_tsml_meeting
https://na.org.za/blog/meetings/richards-bay-thursday/,canonical_tsml_meeting
https://na.org.za/blog/meetings/riverlea-thursday-1830-2/,canonical_tsml_meeting
https://na.org.za/blog/meetings/rosebank-monday-2/,canonical_tsml_meeting
https://na.org.za/blog/meetings/rosettenville-na-2/,canonical_tsml_meeting
https://na.org.za/blog/meetings/salt-rock-wednesday/,canonical_tsml_meeting
https://na.org.za/blog/meetings/scottburgh-friday/,canonical_tsml_meeting
https://na.org.za/blog/meetings/scottburgh-saturday/,canonical_tsml_meeting
https://na.org.za/blog/meetings/scottsville-saturday-online/,canonical_tsml_meeting
https://na.org.za/blog/meetings/seapointlivingclean/,canonical_tsml_meeting
https://na.org.za/blog/meetings/secunda-recovery-group-wednesday-1900/,canonical_tsml_meeting
https://na.org.za/blog/meetings/senaoane-sunday-1630-2/,canonical_tsml_meeting
https://na.org.za/blog/meetings/senaone-soweto-monday-1800/,canonical_tsml_meeting
https://na.org.za/blog/meetings/serenitysunrise-2/,canonical_tsml_meeting
https://na.org.za/blog/meetings/serenitysunrise-3/,canonical_tsml_meeting
https://na.org.za/blog/meetings/serenitysunrise-4/,canonical_tsml_meeting
https://na.org.za/blog/meetings/serenitysunrise-5/,canonical_tsml_meeting
https://na.org.za/blog/meetings/serenitysunrise-6/,canonical_tsml_meeting
https://na.org.za/blog/meetings/serenitysunrise/,canonical_tsml_meeting
https://na.org.za/blog/meetings/serenitysunrise1/,canonical_tsml_meeting
https://na.org.za/blog/meetings/snake-park-friday-1200-2/,canonical_tsml_meeting
https://na.org.za/blog/meetings/snake-park-wednesday-1200/,canonical_tsml_meeting
https://na.org.za/blog/meetings/somerset-west/,canonical_tsml_meeting
https://na.org.za/blog/meetings/soshanguve-meeting-sunday-open/,canonical_tsml_meeting
https://na.org.za/blog/meetings/soshanguve-meeting-wednesday-open/,canonical_tsml_meeting
https://na.org.za/blog/meetings/southfield/,canonical_tsml_meeting
https://na.org.za/blog/meetings/soweto-dube-fridays-1830-3-2/,canonical_tsml_meeting
https://na.org.za/blog/meetings/soweto-friday-1600/,canonical_tsml_meeting
https://na.org.za/blog/meetings/soweto-pimville-wednesday-1830-2/,meeting_unmatched
https://na.org.za/blog/meetings/soweto-pimville-wednesday-1830/,canonical_tsml_meeting
https://na.org.za/blog/meetings/soweto-saturday-0900-2/,canonical_tsml_meeting
https://na.org.za/blog/meetings/soweto-thursday-1600-2/,canonical_tsml_meeting
https://na.org.za/blog/meetings/soweto-tuesday-1600/,canonical_tsml_meeting
https://na.org.za/blog/meetings/speaker-meeting/,canonical_tsml_meeting
https://na.org.za/blog/meetings/speaker/,canonical_tsml_meeting
https://na.org.za/blog/meetings/spiritual-principles-2/,canonical_tsml_meeting
https://na.org.za/blog/meetings/spiritual-principles-3/,canonical_tsml_meeting
https://na.org.za/blog/meetings/spiritual-principles-4/,canonical_tsml_meeting
https://na.org.za/blog/meetings/spiritual-principles-5/,canonical_tsml_meeting
https://na.org.za/blog/meetings/spiritual-principles-6/,canonical_tsml_meeting
https://na.org.za/blog/meetings/spiritual-principles-7/,canonical_tsml_meeting
https://na.org.za/blog/meetings/spiritual-principles/,canonical_tsml_meeting
https://na.org.za/blog/meetings/st-josephs-church-friday-500-pm/,canonical_tsml_meeting
https://na.org.za/blog/meetings/stellenbosch/,canonical_tsml_meeting
https://na.org.za/blog/meetings/step-up-newcomer-group/,canonical_tsml_meeting
https://na.org.za/blog/meetings/sunday-serenity/,canonical_tsml_meeting
https://na.org.za/blog/meetings/sunninghill-sunday-sundowner-3/,canonical_tsml_meeting
https://na.org.za/blog/meetings/surrender-to-monday/,canonical_tsml_meeting
https://na.org.za/blog/meetings/sydenham-friday/,canonical_tsml_meeting
https://na.org.za/blog/meetings/sydenham-meeting-2/,meeting_unmatched
https://na.org.za/blog/meetings/sydenham-meeting-3/,canonical_tsml_meeting
https://na.org.za/blog/meetings/sydenham-saturday/,canonical_tsml_meeting
https://na.org.za/blog/meetings/table-view/,canonical_tsml_meeting
https://na.org.za/blog/meetings/tembisa-friday-1830-2/,meeting_unmatched
https://na.org.za/blog/meetings/tembisa-friday-1830/,canonical_tsml_meeting
https://na.org.za/blog/meetings/thames-house-group-monday-2000-3/,canonical_tsml_meeting
https://na.org.za/blog/meetings/thames-house-group-monday-2000/,meeting_unmatched
https://na.org.za/blog/meetings/thandanani-walk-in-centre-tuesday-600-pm/,canonical_tsml_meeting
https://na.org.za/blog/meetings/the-untold-stories-of-na-members-online/,canonical_tsml_meeting
https://na.org.za/blog/meetings/thembisa-na-meeting-wednesday-1830-2/,canonical_tsml_meeting
https://na.org.za/blog/meetings/thursday-queensburgh/,canonical_tsml_meeting
https://na.org.za/blog/meetings/thursday-rustenburg-meeting-open/,canonical_tsml_meeting
https://na.org.za/blog/meetings/thursday-second-chance-meeting/,canonical_tsml_meeting
https://na.org.za/blog/meetings/thursday-thabazimbi-meeting-open/,canonical_tsml_meeting
https://na.org.za/blog/meetings/toekomsrus-wednesdays-18h00-2/,canonical_tsml_meeting
https://na.org.za/blog/meetings/toekomsrus-wednesdays-18h00/,canonical_tsml_meeting
https://na.org.za/blog/meetings/tongaat-saturday/,canonical_tsml_meeting
https://na.org.za/blog/meetings/tongaat-sunday/,canonical_tsml_meeting
https://na.org.za/blog/meetings/tongaat-thursday/,canonical_tsml_meeting
https://na.org.za/blog/meetings/tongaat-tuesday/,canonical_tsml_meeting
https://na.org.za/blog/meetings/topic-2/,canonical_tsml_meeting
https://na.org.za/blog/meetings/topic-3/,canonical_tsml_meeting
https://na.org.za/blog/meetings/topic-4/,canonical_tsml_meeting
https://na.org.za/blog/meetings/topic-tag-meeting/,canonical_tsml_meeting
https://na.org.za/blog/meetings/topic/,canonical_tsml_meeting
https://na.org.za/blog/meetings/toti-sunday-steps-meeting/,canonical_tsml_meeting
https://na.org.za/blog/meetings/towerby-tuesday-1900/,canonical_tsml_meeting
https://na.org.za/blog/meetings/tuesday-mabupane-recovery-meeting/,canonical_tsml_meeting
https://na.org.za/blog/meetings/tuesday-second-chance-meeting/,canonical_tsml_meeting
https://na.org.za/blog/meetings/umbilo-monday/,canonical_tsml_meeting
https://na.org.za/blog/meetings/umhlali-tuesday-2/,canonical_tsml_meeting
https://na.org.za/blog/meetings/umhlali-tuesday/,canonical_tsml_meeting
https://na.org.za/blog/meetings/umhlanga-thursday/,canonical_tsml_meeting
https://na.org.za/blog/meetings/umzinto-saturday/,canonical_tsml_meeting
https://na.org.za/blog/meetings/vanderbijlpark-monday-1900/,canonical_tsml_meeting
https://na.org.za/blog/meetings/virtual-online-group-vog-2/,canonical_tsml_meeting
https://na.org.za/blog/meetings/virtual-online-group-vog-3/,canonical_tsml_meeting
https://na.org.za/blog/meetings/virtual-online-group-vog-4/,canonical_tsml_meeting
https://na.org.za/blog/meetings/virtual-online-group-vog-5/,canonical_tsml_meeting
https://na.org.za/blog/meetings/virtual-online-group-vog-6/,canonical_tsml_meeting
https://na.org.za/blog/meetings/virtual-online-group-vog-7/,canonical_tsml_meeting
https://na.org.za/blog/meetings/virtual-online-group-vog/,canonical_tsml_meeting
https://na.org.za/blog/meetings/vosloorus-friday-1800-2/,meeting_unmatched
https://na.org.za/blog/meetings/vosloorus-friday-1800/,canonical_tsml_meeting
https://na.org.za/blog/meetings/vosloorus-wednesday-1800-2/,canonical_tsml_meeting
https://na.org.za/blog/meetings/walkers-fruit-farms-thursday-1830-3/,canonical_tsml_meeting
https://na.org.za/blog/meetings/wanderers-wednesday-1930-2/,canonical_tsml_meeting
https://na.org.za/blog/meetings/wanderers-wednesday-1930/,meeting_unmatched
https://na.org.za/blog/meetings/waverley-meeting/,canonical_tsml_meeting
https://na.org.za/blog/meetings/wednesday-new-life-meeting-open/,canonical_tsml_meeting
https://na.org.za/blog/meetings/wednesday-second-chance-meeting/,canonical_tsml_meeting
https://na.org.za/blog/meetings/wednesdays-we-can/,canonical_tsml_meeting
https://na.org.za/blog/meetings/welcome-home/,canonical_tsml_meeting
https://na.org.za/blog/meetings/welcome-to-the-newcomer/,canonical_tsml_meeting
https://na.org.za/blog/meetings/weltevreden-park-mondays-1900/,canonical_tsml_meeting
https://na.org.za/blog/meetings/weltevreden-park-thursdays-1930/,canonical_tsml_meeting
https://na.org.za/blog/meetings/westville-wednesday/,canonical_tsml_meeting
https://na.org.za/blog/meetings/womens-meeting/,canonical_tsml_meeting
https://na.org.za/blog/meetings/woodstock-meeting/,canonical_tsml_meeting
https://na.org.za/blog/meetings/young-peoples-meeting/,canonical_tsml_meeting
https://na.org.za/blog/meetings/zola-thursday-1130-2-2/,canonical_tsml_meeting
https://na.org.za/blog/meetings/zola-tuesday-1130-2/,canonical_tsml_meeting
https://na.org.za/blog/meetings/zola-tuesday-1130/,meeting_unmatched
https://na.org.za/cart/,wordpress_rest_page_or_post
https://na.org.za/checkout/,wordpress_rest_page_or_post
https://na.org.za/contact/,wordpress_rest_page_or_post
https://na.org.za/how-to-start-an-na-meeting/,wordpress_rest_page_or_post
https://na.org.za/in-person-meetings/,wordpress_rest_page_or_post
https://na.org.za/information-about-na/,wordpress_rest_page_or_post
https://na.org.za/jhb/,wordpress_rest_page_or_post
https://na.org.za/jhb/2025/11/21/hello-world/,wordpress_rest_page_or_post
https://na.org.za/jhb/7th-tradition/,wordpress_rest_page_or_post
https://na.org.za/jhb/add-a-meeting/,wordpress_rest_page_or_post
https://na.org.za/jhb/add-event/,wordpress_rest_page_or_post
https://na.org.za/jhb/asc-contact-details/,wordpress_rest_page_or_post
https://na.org.za/jhb/calendar/,wordpress_rest_page_or_post
https://na.org.za/jhb/category/uncategorized/,taxonomy_or_archive
https://na.org.za/jhb/contact-us/,wordpress_rest_page_or_post
https://na.org.za/jhb/downloads/,wordpress_rest_page_or_post
https://na.org.za/jhb/group-readings/,wordpress_rest_page_or_post
https://na.org.za/jhb/literature/,wordpress_rest_page_or_post
https://na.org.za/jhb/locations/,location_unmatched
https://na.org.za/jhb/locations/1-pam-rd-morningside-sandton-2057-south-africa/,location_unmatched
https://na.org.za/jhb/locations/10-cnr-central-and-noord-street-noordgesig-soweto-1804/,location_unmatched
https://na.org.za/jhb/locations/10-tehore-rdmulbarton-johannesburg-south-2091/,location_unmatched
https://na.org.za/jhb/locations/108-colorado-dr-riverlea-johannesburg-2093-south-africa/,location_unmatched
https://na.org.za/jhb/locations/1140-cornelius-st-weltevredenpark-roodepoort-1709-south-africa/,location_unmatched
https://na.org.za/jhb/locations/115-grosvenor-rd-bryanston-sandton-2191-south-africa/,location_unmatched
https://na.org.za/jhb/locations/133-plane-road-spartan-kempton-park-1619/,location_unmatched
https://na.org.za/jhb/locations/134-gardiner-street-brakpan-1540/,location_unmatched
https://na.org.za/jhb/locations/152-market-street-fairlands/,location_unmatched
https://na.org.za/jhb/locations/1559-link-st-orange-farm-johannesburg-1841-south-africa/,location_unmatched
https://na.org.za/jhb/locations/1607-kanya-rd-senaoane-soweto-1818-south-africa/,location_unmatched
https://na.org.za/jhb/locations/1607-kanya-road-and-umthwalume-street-senaone-mvezo-community-center/,location_unmatched
https://na.org.za/jhb/locations/166-south-road-walkers-fruit-farms/,location_unmatched
https://na.org.za/jhb/locations/16b-penguin-dr-norscot-fourways-sandton-2055/,location_unmatched
https://na.org.za/jhb/locations/18-high-rd-orchards-johannesburg-2192/,location_unmatched
https://na.org.za/jhb/locations/1954-peacock-str-lenasia-south-1827/,location_unmatched
https://na.org.za/jhb/locations/2-diamant-st-toekomsrus-randfontein-1765-south-africa/,location_unmatched
https://na.org.za/jhb/locations/20a-7th-ave-parktown-north-johannesburg-2193/,location_unmatched
https://na.org.za/jhb/locations/243-6th-ave-mid-ennerdale-johannesburg-1830-south-africa/,location_unmatched
https://na.org.za/jhb/locations/25-vrede-street-fochville/,location_unmatched
https://na.org.za/jhb/locations/253-bryanston-drive/,location_unmatched
https://na.org.za/jhb/locations/27-george-ave-fairmount-johannesburg-2192-south-africa/,location_unmatched
https://na.org.za/jhb/locations/272-york-ave-ferndale-randburg-2194/,location_unmatched
https://na.org.za/jhb/locations/29-dippenaar-rd-noordheuwel-krugersdorp-1739-south-africa/,location_unmatched
https://na.org.za/jhb/locations/31-richard-rd-kengies-sandton-2055/,location_unmatched
https://na.org.za/jhb/locations/3131-bolani-rd-zola-soweto-1878/,location_unmatched
https://na.org.za/jhb/locations/33747-indaba-street-tsakane/,location_unmatched
https://na.org.za/jhb/locations/3707b-molatedi-street-zone3-diepkloof/,location_unmatched
https://na.org.za/jhb/locations/3859-sebati-street-ext-1-vosloorus-1475/,location_unmatched
https://na.org.za/jhb/locations/386-e-bank-ave-alexandra-2014-south-africa/,location_unmatched
https://na.org.za/jhb/locations/4-hoy-st-newclare-randburg/,location_unmatched
https://na.org.za/jhb/locations/41-pretoria-street-oaklands/,location_unmatched
https://na.org.za/jhb/locations/420-york-ave-ferndale-randburg-2194-south-africa/,location_unmatched
https://na.org.za/jhb/locations/43-madeline-st-florida-roodepoort-1709/,location_unmatched
https://na.org.za/jhb/locations/45-lily-ave-northcliff-randburg-2115-south-africa/,location_unmatched
https://na.org.za/jhb/locations/5-suikerbos-street-lenasia/,location_unmatched
https://na.org.za/jhb/locations/50-saxon-rd-sandhurst-sandton-2196-south-africa/,location_unmatched
https://na.org.za/jhb/locations/556-chester-street-lenasia-south-johannesburg/,location_unmatched
https://na.org.za/jhb/locations/5634-unity-boulevard-ext-2-bram-fischerville/,location_unmatched
https://na.org.za/jhb/locations/6-brink-st-bryanbrink-randburg-2194-johannesburg-south-africa/,location_unmatched
https://na.org.za/jhb/locations/65-foyle-ave-crosby-johannesburg-2092/,location_unmatched
https://na.org.za/jhb/locations/67-nanyuki-rd-sunninghill-sandton-2157-south-africa/,location_unmatched
https://na.org.za/jhb/locations/68-6th-ave-edenvale-1609-south-africa/,location_unmatched
https://na.org.za/jhb/locations/68-7th-ave-parktown-north/,location_unmatched
https://na.org.za/jhb/locations/71-cr-swart-drboskruin-randburg-2188/,location_unmatched
https://na.org.za/jhb/locations/7644-eben-cuyler-dr-diepkloof-zone-1-diepmeadow-1862-south-africa/,location_unmatched
https://na.org.za/jhb/locations/8-marilyn-street-towerby-2190/,location_unmatched
https://na.org.za/jhb/locations/827-elias-motsoaledi-road-moroka-soweto-1860/,location_unmatched
https://na.org.za/jhb/locations/86-buitekant-st-alabama-klerksdorp/,location_unmatched
https://na.org.za/jhb/locations/90-abraham-st-mantervrede-ah-vanderbijlpark-1900/,location_unmatched
https://na.org.za/jhb/locations/92-voortrekker-ave-edenvale-1609/,location_unmatched
https://na.org.za/jhb/locations/929-leoatleng-street-central-western-jabavu/,location_unmatched
https://na.org.za/jhb/locations/alabama-grace-community-church/,location_unmatched
https://na.org.za/jhb/locations/alberton-civic-center-3rd-floor-alwyn-taljaard-ave-new-redruth-alberton-1449-south-africa/,location_unmatched
https://na.org.za/jhb/locations/albertus-pop-recreation-centre/,location_unmatched
https://na.org.za/jhb/locations/blairgowrie-recreation-centre/,location_unmatched
https://na.org.za/jhb/locations/bosmont-recreation-centre-2/,location_unmatched
https://na.org.za/jhb/locations/braamficher-phase-1-amandla-boulevard/,location_unmatched
https://na.org.za/jhb/locations/brackenhurst-methodist-church-9-toinette-st-brackenhurst-alberton-1453-south-africa/,location_unmatched
https://na.org.za/jhb/locations/brixton/,location_unmatched
https://na.org.za/jhb/locations/c-o-hawken-ave-president-fouche-dr/,location_unmatched
https://na.org.za/jhb/locations/calvary-methodist-church/,location_unmatched
https://na.org.za/jhb/locations/dube-community-centre/,location_unmatched
https://na.org.za/jhb/locations/edenvale-methodist-church-57-6th-ave-edenvale-1610-south-africa/,location_unmatched
https://na.org.za/jhb/locations/eldorado-park-ext-9-community-clinic-and-center/,location_unmatched
https://na.org.za/jhb/locations/gracepoint-church/,location_unmatched
https://na.org.za/jhb/locations/ithuba-centre-3315-ralarata-street-mohlakeng-randfontein/,location_unmatched
https://na.org.za/jhb/locations/johannesburg-south-2190-south-africa/,location_unmatched
https://na.org.za/jhb/locations/johannesburg/,location_unmatched
https://na.org.za/jhb/locations/mabewana-primary-school/,location_unmatched
https://na.org.za/jhb/locations/mali-congo-street-welamlambo-section-tembisa-1632/,location_unmatched
https://na.org.za/jhb/locations/naledi-sports-complex-naledi-ext-2-742-cnr-letsatsi-radebe-st-soweto-south-africa/,location_unmatched
https://na.org.za/jhb/locations/northcliff-union-church-cnr-dawn-and-pendoring-road/,location_unmatched
https://na.org.za/jhb/locations/odirileng-maponya-clinicsonap/,location_unmatched
https://na.org.za/jhb/locations/parkhurst-recreation-centre/,location_unmatched
https://na.org.za/jhb/locations/phefeni-recreation-center-12764-funani-street-orlando-wes/,location_unmatched
https://na.org.za/jhb/locations/pimville-zone-4-pcc-hall-11624-mathithibala-st-pimville-zone-4-pimville-1809/,location_unmatched
https://na.org.za/jhb/locations/protea-glen-recreation-center-1703-milkwood-streetm-protea-glen-ext-2/,location_unmatched
https://na.org.za/jhb/locations/real-life-church-86-viljoen-st-krugersdorp-north-krugersdorp-1740/,location_unmatched
https://na.org.za/jhb/locations/ring-road-block-4-doornkop-johannesburg-2091-gauteng/,location_unmatched
https://na.org.za/jhb/locations/rosettenville/,location_unmatched
https://na.org.za/jhb/locations/saint-peters-united-church/,location_unmatched
https://na.org.za/jhb/locations/sanca-diepsloot-boardroom-136-dr-moosa-diepsloot-centre-extension-10-off-r511-methodist-church-complex/,location_unmatched
https://na.org.za/jhb/locations/sharicrest-primary-school/,location_unmatched
https://na.org.za/jhb/locations/st-francis-methodist-church-1-talton-road-forest-town/,location_unmatched
https://na.org.za/jhb/locations/st-james-presbyterian-church/,location_unmatched
https://na.org.za/jhb/locations/thames-house-hope-st-city-power-complex/,location_unmatched
https://na.org.za/jhb/locations/wanderers-cricket-stadium-35-corlette-drive-illovo/,location_unmatched
https://na.org.za/jhb/meetings/,meeting_unmatched
https://na.org.za/jhb/meetings/alabama-klerksdorp-sunday-1730/,meeting_unmatched
https://na.org.za/jhb/meetings/alabama-klerksdorp-thursday-1730/,meeting_unmatched
https://na.org.za/jhb/meetings/alabama-klerksdorp-tuesday-1730/,meeting_unmatched
https://na.org.za/jhb/meetings/alberton-thursday-1930/,meeting_unmatched
https://na.org.za/jhb/meetings/alberton-tuesday-1930-2/,meeting_unmatched
https://na.org.za/jhb/meetings/alexander-sunday-1600/,meeting_unmatched
https://na.org.za/jhb/meetings/bedfordview-saturday-0900/,meeting_unmatched
https://na.org.za/jhb/meetings/benmore-sunday-1800/,meeting_unmatched
https://na.org.za/jhb/meetings/benmore-tuesday-1930/,meeting_unmatched
https://na.org.za/jhb/meetings/benmore-tuesdays-1930/,meeting_unmatched
https://na.org.za/jhb/meetings/blairgowrie-saturday-1700/,meeting_unmatched
https://na.org.za/jhb/meetings/bonfire-saturday/,meeting_unmatched
https://na.org.za/jhb/meetings/boskriun-friday/,meeting_unmatched
https://na.org.za/jhb/meetings/boskruin-tuesday/,meeting_unmatched
https://na.org.za/jhb/meetings/boskruin-wednesday-1900/,meeting_unmatched
https://na.org.za/jhb/meetings/bosmont-thursday-1830/,meeting_unmatched
https://na.org.za/jhb/meetings/braam-fischer-thursday-1600/,meeting_unmatched
https://na.org.za/jhb/meetings/braam-fischer-tuesday-1600/,meeting_unmatched
https://na.org.za/jhb/meetings/brackenhurst-monday-1900/,meeting_unmatched
https://na.org.za/jhb/meetings/brackenhurst-wednesday-1930/,meeting_unmatched
https://na.org.za/jhb/meetings/brakpan-tuesday-1800/,meeting_unmatched
https://na.org.za/jhb/meetings/brixton-real-talk/,meeting_unmatched
https://na.org.za/jhb/meetings/bryanston-saturday-1800/,meeting_unmatched
https://na.org.za/jhb/meetings/bryanston-thursday-1930/,meeting_unmatched
https://na.org.za/jhb/meetings/central-western-jabavu-soweto-thursday-1800/,meeting_unmatched
https://na.org.za/jhb/meetings/crosby-wednesday-1900/,meeting_unmatched
https://na.org.za/jhb/meetings/diepkloof-thursdays-1800/,meeting_unmatched
https://na.org.za/jhb/meetings/diepkloof-tuesdays-1800/,meeting_unmatched
https://na.org.za/jhb/meetings/diepsloot-friday-1030/,meeting_unmatched
https://na.org.za/jhb/meetings/edenvale-friday-1900/,meeting_unmatched
https://na.org.za/jhb/meetings/edenvale-monday-1930/,meeting_unmatched
https://na.org.za/jhb/meetings/edenvale-wednesday-1930/,meeting_unmatched
https://na.org.za/jhb/meetings/eldorado-park-saturday-1000/,meeting_unmatched
https://na.org.za/jhb/meetings/eldorado-park-wednesday-1930/,meeting_unmatched
https://na.org.za/jhb/meetings/ennerdale-tuesday-2000/,meeting_unmatched
https://na.org.za/jhb/meetings/esihlahleni-tsakane-daily-1730/,meeting_unmatched
https://na.org.za/jhb/meetings/fairlands-tuesday-1900/,meeting_unmatched
https://na.org.za/jhb/meetings/ferndale-friday-1800/,meeting_unmatched
https://na.org.za/jhb/meetings/florida-mondays-1830/,meeting_unmatched
https://na.org.za/jhb/meetings/forest-town-thursday-1930/,meeting_unmatched
https://na.org.za/jhb/meetings/fourways-tuesdays-1930/,meeting_unmatched
https://na.org.za/jhb/meetings/huringham-saturday-0900/,meeting_unmatched
https://na.org.za/jhb/meetings/isizulu-meeting-3/,meeting_unmatched
https://na.org.za/jhb/meetings/kagiso-friday-1700/,meeting_unmatched
https://na.org.za/jhb/meetings/kempton-park-monday-1830/,meeting_unmatched
https://na.org.za/jhb/meetings/klerksdorp-friday-1000/,meeting_unmatched
https://na.org.za/jhb/meetings/klerksdorp-monday-1000/,meeting_unmatched
https://na.org.za/jhb/meetings/klerksdorp-thursday-1800/,meeting_unmatched
https://na.org.za/jhb/meetings/klerksdorp-wednesday-1000/,meeting_unmatched
https://na.org.za/jhb/meetings/krugersdorp-thursday-1900/,meeting_unmatched
https://na.org.za/jhb/meetings/krugersdorp-tuesday/,meeting_unmatched
https://na.org.za/jhb/meetings/kyalami-tuesday-2000/,meeting_unmatched
https://na.org.za/jhb/meetings/lenasia-south-fridays-1930/,meeting_unmatched
https://na.org.za/jhb/meetings/lenasia-south-wednesday-1900/,meeting_unmatched
https://na.org.za/jhb/meetings/lenasia-wednesday-2000/,meeting_unmatched
https://na.org.za/jhb/meetings/lgbtqia-monday-1900-online/,meeting_unmatched
https://na.org.za/jhb/meetings/linden-friday-1930/,meeting_unmatched
https://na.org.za/jhb/meetings/mapetla-tuesdays-1800/,meeting_unmatched
https://na.org.za/jhb/meetings/midrand-thursday-1930/,meeting_unmatched
https://na.org.za/jhb/meetings/naledi-wednesday-1130/,meeting_unmatched
https://na.org.za/jhb/meetings/narcotics-annonymous-fochville/,meeting_unmatched
https://na.org.za/jhb/meetings/narcotics-anonymous-lenz-ext-10/,meeting_unmatched
https://na.org.za/jhb/meetings/newclare-tuesday-1930/,meeting_unmatched
https://na.org.za/jhb/meetings/noordgesig-wednesday-1800/,meeting_unmatched
https://na.org.za/jhb/meetings/norscort-wednesday-1900/,meeting_unmatched
https://na.org.za/jhb/meetings/norscot-monday-1930/,meeting_unmatched
https://na.org.za/jhb/meetings/northcliff-lgbtq-thursday/,meeting_unmatched
https://na.org.za/jhb/meetings/northcliff-wednesday-1930/,meeting_unmatched
https://na.org.za/jhb/meetings/on-course-recovery-thursday-1915/,meeting_unmatched
https://na.org.za/jhb/meetings/orange-farm-monday-1600/,meeting_unmatched
https://na.org.za/jhb/meetings/outreach-12-past-midnight-meeting-2/,meeting_unmatched
https://na.org.za/jhb/meetings/parkhurst-sunday-1800/,meeting_unmatched
https://na.org.za/jhb/meetings/parkhurst-wednesday-1500/,meeting_unmatched
https://na.org.za/jhb/meetings/parkhurst-wednesday-1930/,meeting_unmatched
https://na.org.za/jhb/meetings/phefeni-miracles/,meeting_unmatched
https://na.org.za/jhb/meetings/phiri-primary-purpose-monday-1800/,meeting_unmatched
https://na.org.za/jhb/meetings/protea-glen-tuesday-1200/,meeting_unmatched
https://na.org.za/jhb/meetings/randburg-tuesday-1930/,meeting_unmatched
https://na.org.za/jhb/meetings/randfontein-saturday-0900/,meeting_unmatched
https://na.org.za/jhb/meetings/riverlea-thursday-1830/,meeting_unmatched
https://na.org.za/jhb/meetings/rosebank-monday/,meeting_unmatched
https://na.org.za/jhb/meetings/rosettenville-na/,meeting_unmatched
https://na.org.za/jhb/meetings/secunda-recovery-group-wednesday-1900/,meeting_unmatched
https://na.org.za/jhb/meetings/senaoane-sunday-1630/,meeting_unmatched
https://na.org.za/jhb/meetings/senaone-soweto-monday-1800/,meeting_unmatched
https://na.org.za/jhb/meetings/snake-park-friday-1200/,meeting_unmatched
https://na.org.za/jhb/meetings/snake-park-wednesday-1200/,meeting_unmatched
https://na.org.za/jhb/meetings/soweto-dube-fridays-1830-3/,meeting_unmatched
https://na.org.za/jhb/meetings/soweto-friday-1600/,meeting_unmatched
https://na.org.za/jhb/meetings/soweto-pimville-wednesday-1830/,meeting_unmatched
https://na.org.za/jhb/meetings/soweto-saturday-0900/,meeting_unmatched
https://na.org.za/jhb/meetings/soweto-thursday-1600/,meeting_unmatched
https://na.org.za/jhb/meetings/soweto-tuesday-1600/,meeting_unmatched
https://na.org.za/jhb/meetings/sunninghill-sunday-sundowner/,meeting_unmatched
https://na.org.za/jhb/meetings/sydenham-meeting/,meeting_unmatched
https://na.org.za/jhb/meetings/tembisa-friday-1830/,meeting_unmatched
https://na.org.za/jhb/meetings/thames-house-group-monday-2000/,meeting_unmatched
https://na.org.za/jhb/meetings/thembisa-na-meeting-wednesday-1830/,meeting_unmatched
https://na.org.za/jhb/meetings/toekomsrus-wednesdays-18h00-2/,meeting_unmatched
https://na.org.za/jhb/meetings/toekomsrus-wednesdays-18h00/,meeting_unmatched
https://na.org.za/jhb/meetings/towerby-tuesday-1900/,meeting_unmatched
https://na.org.za/jhb/meetings/vanderbijlpark-monday-1900/,meeting_unmatched
https://na.org.za/jhb/meetings/vosloorus-friday-1800/,meeting_unmatched
https://na.org.za/jhb/meetings/vosloorus-wednesday-1800/,meeting_unmatched
https://na.org.za/jhb/meetings/walkers-fruit-farms-thursday-1830/,meeting_unmatched
https://na.org.za/jhb/meetings/wanderers-wednesday-1930/,meeting_unmatched
https://na.org.za/jhb/meetings/waverley-meeting/,meeting_unmatched
https://na.org.za/jhb/meetings/weltevreden-park-mondays-1900/,meeting_unmatched
https://na.org.za/jhb/meetings/weltevreden-park-thursdays-1930/,meeting_unmatched
https://na.org.za/jhb/meetings/zola-thursday-1130-2/,meeting_unmatched
https://na.org.za/jhb/meetings/zola-tuesday-1130/,meeting_unmatched
https://na.org.za/jhb/na-meetings/,wordpress_rest_page_or_post
https://na.org.za/jhb/na-terminology/,wordpress_rest_page_or_post
https://na.org.za/jhb/new-to-na/,wordpress_rest_page_or_post
https://na.org.za/jhb/policies/,wordpress_rest_page_or_post
https://na.org.za/jhb/predatory-behaviour/,wordpress_rest_page_or_post
https://na.org.za/jhb/subcommittees/,wordpress_rest_page_or_post
https://na.org.za/kzn/,wordpress_rest_page_or_post
https://na.org.za/kzn/2025/11/18/hello-world/,wordpress_rest_page_or_post
https://na.org.za/kzn/area-service-committee/,wordpress_rest_page_or_post
https://na.org.za/kzn/category/uncategorized/,taxonomy_or_archive
https://na.org.za/kzn/downloads/,wordpress_rest_page_or_post
https://na.org.za/kzn/literature/,wordpress_rest_page_or_post
https://na.org.za/kzn/locations/,location_unmatched
https://na.org.za/kzn/locations/40-gaysingh-rd-northdale-pietermaritzburg-3201-south-africa/,location_unmatched
https://na.org.za/kzn/locations/ballito-public-library/,location_unmatched
https://na.org.za/kzn/locations/belverdere-community-centre/,location_unmatched
https://na.org.za/kzn/locations/berachah-church/,location_unmatched
https://na.org.za/kzn/locations/berea-church/,location_unmatched
https://na.org.za/kzn/locations/blessed-liberat-catholic-church/,location_unmatched
https://na.org.za/kzn/locations/buffelsdale-community-hall/,location_unmatched
https://na.org.za/kzn/locations/christ-church-north-coast-2/,location_unmatched
https://na.org.za/kzn/locations/christ-church-north-coast/,location_unmatched
https://na.org.za/kzn/locations/collegevale-primary-school/,location_unmatched
https://na.org.za/kzn/locations/denis-hurley-centre/,location_unmatched
https://na.org.za/kzn/locations/depot-road-memorial-primary-school/,location_unmatched
https://na.org.za/kzn/locations/durban-north-methodist-church/,location_unmatched
https://na.org.za/kzn/locations/foresthaven-secondary-school/,location_unmatched
https://na.org.za/kzn/locations/fynnlands-primary-school/,location_unmatched
https://na.org.za/kzn/locations/girl-guide-hall/,location_unmatched
https://na.org.za/kzn/locations/good-tidings-full-gospel-church/,location_unmatched
https://na.org.za/kzn/locations/hillcrest-presbyterian-family-church/,location_unmatched
https://na.org.za/kzn/locations/holy-trinity-church/,location_unmatched
https://na.org.za/kzn/locations/immanuel-church/,location_unmatched
https://na.org.za/kzn/locations/jesus-international-ministry/,location_unmatched
https://na.org.za/kzn/locations/kwazulu-natal/,location_unmatched
https://na.org.za/kzn/locations/margate-methodist-church/,location_unmatched
https://na.org.za/kzn/locations/merebank-secondary/,location_unmatched
https://na.org.za/kzn/locations/nelson-mandela-youth-centre/,location_unmatched
https://na.org.za/kzn/locations/newlands-east-library/,location_unmatched
https://na.org.za/kzn/locations/ngk-nederduitse-gereformeerde-kerk-church/,location_unmatched
https://na.org.za/kzn/locations/north-beach-in-front-of-minitown/,location_unmatched
https://na.org.za/kzn/locations/olive-tree-church-kloof/,location_unmatched
https://na.org.za/kzn/locations/parish-of-the-immaculate-conception-catholic-church/,location_unmatched
https://na.org.za/kzn/locations/pennington-methodist-church/,location_unmatched
https://na.org.za/kzn/locations/phoenix-victory-center/,location_unmatched
https://na.org.za/kzn/locations/queensburgh-community-hall/,location_unmatched
https://na.org.za/kzn/locations/raisethorpe-high-school/,location_unmatched
https://na.org.za/kzn/locations/redhill-public-library/,location_unmatched
https://na.org.za/kzn/locations/rock-foundation-ministries-corner-of-strandbrook-and-towerbrook/,location_unmatched
https://na.org.za/kzn/locations/rock-foundation-ministries/,location_unmatched
https://na.org.za/kzn/locations/salt-rock-library/,location_unmatched
https://na.org.za/kzn/locations/scottburgh-beach-marine-terrace-near-caravan-park/,location_unmatched
https://na.org.za/kzn/locations/scottsville-pietermaritzburg/,location_unmatched
https://na.org.za/kzn/locations/shrimati-anandben-desai-pre-primary-school/,location_unmatched
https://na.org.za/kzn/locations/st-barnabus-church/,location_unmatched
https://na.org.za/kzn/locations/st-josephs-catholic-church/,location_unmatched
https://na.org.za/kzn/locations/st-marys-anglican-church/,location_unmatched
https://na.org.za/kzn/locations/st-thomas-anglican-church/,location_unmatched
https://na.org.za/kzn/locations/thekwini-tvet-college/,location_unmatched
https://na.org.za/kzn/locations/tongaat-central-library/,location_unmatched
https://na.org.za/kzn/locations/umbilo-methodist-church/,location_unmatched
https://na.org.za/kzn/locations/wayside-chapel/,location_unmatched
https://na.org.za/kzn/locations/westville-methodist-church/,location_unmatched
https://na.org.za/kzn/locations/wings-of-love-building/,location_unmatched
https://na.org.za/kzn/meetings/,meeting_unmatched
https://na.org.za/kzn/meetings/amanzimtoti-tuesday/,meeting_unmatched
https://na.org.za/kzn/meetings/austerville-friday/,meeting_unmatched
https://na.org.za/kzn/meetings/austerville-monday/,meeting_unmatched
https://na.org.za/kzn/meetings/austerville-wednesday/,meeting_unmatched
https://na.org.za/kzn/meetings/ballito-saturday/,meeting_unmatched
https://na.org.za/kzn/meetings/bluff-tuesday/,meeting_unmatched
https://na.org.za/kzn/meetings/buffelsdale-wednesday-meeting/,meeting_unmatched
https://na.org.za/kzn/meetings/chatsworth-monday/,meeting_unmatched
https://na.org.za/kzn/meetings/chatsworth-wednesday-step-work/,meeting_unmatched
https://na.org.za/kzn/meetings/city-group-wednesday/,meeting_unmatched
https://na.org.za/kzn/meetings/durban-beach-sunday/,meeting_unmatched
https://na.org.za/kzn/meetings/durban-north-monday/,meeting_unmatched
https://na.org.za/kzn/meetings/friday-ballito-beach-meeting/,meeting_unmatched
https://na.org.za/kzn/meetings/fynnlands-thursday/,meeting_unmatched
https://na.org.za/kzn/meetings/hillcrest-sunday/,meeting_unmatched
https://na.org.za/kzn/meetings/hillcrest-thursday/,meeting_unmatched
https://na.org.za/kzn/meetings/howick-friday/,meeting_unmatched
https://na.org.za/kzn/meetings/howick-wednesday-mens-meeting/,meeting_unmatched
https://na.org.za/kzn/meetings/isizulu-saturday/,meeting_unmatched
https://na.org.za/kzn/meetings/isizulu-sunday-online/,meeting_unmatched
https://na.org.za/kzn/meetings/kloof-tuesday/,meeting_unmatched
https://na.org.za/kzn/meetings/margate-thursday/,meeting_unmatched
https://na.org.za/kzn/meetings/merebank-sunday/,meeting_unmatched
https://na.org.za/kzn/meetings/musgrave-friday/,meeting_unmatched
https://na.org.za/kzn/meetings/newlands-east-monday/,meeting_unmatched
https://na.org.za/kzn/meetings/newlands-west-thursday/,meeting_unmatched
https://na.org.za/kzn/meetings/overport-sunday/,meeting_unmatched
https://na.org.za/kzn/meetings/park-rynie-sunday/,meeting_unmatched
https://na.org.za/kzn/meetings/pennington-tuesday/,meeting_unmatched
https://na.org.za/kzn/meetings/phoenix-friday/,meeting_unmatched
https://na.org.za/kzn/meetings/phoenix-monday/,meeting_unmatched
https://na.org.za/kzn/meetings/phoenix-saturday/,meeting_unmatched
https://na.org.za/kzn/meetings/phoenix-sunday/,meeting_unmatched
https://na.org.za/kzn/meetings/phoenix-thursday/,meeting_unmatched
https://na.org.za/kzn/meetings/phoenix-tuesday/,meeting_unmatched
https://na.org.za/kzn/meetings/pinetown-saturday/,meeting_unmatched
https://na.org.za/kzn/meetings/pmb-friday/,meeting_unmatched
https://na.org.za/kzn/meetings/pmb-midlands-friday/,meeting_unmatched
https://na.org.za/kzn/meetings/pmb-saturday/,meeting_unmatched
https://na.org.za/kzn/meetings/pmb-tuesday/,meeting_unmatched
https://na.org.za/kzn/meetings/pmb-wednesday/,meeting_unmatched
https://na.org.za/kzn/meetings/redhill-friday/,meeting_unmatched
https://na.org.za/kzn/meetings/redhill-tuesday/,meeting_unmatched
https://na.org.za/kzn/meetings/richards-bay-thursday/,meeting_unmatched
https://na.org.za/kzn/meetings/salt-rock-wednesday/,meeting_unmatched
https://na.org.za/kzn/meetings/scottburgh-friday/,meeting_unmatched
https://na.org.za/kzn/meetings/scottburgh-saturday/,meeting_unmatched
https://na.org.za/kzn/meetings/scottsville-saturday-online/,meeting_unmatched
https://na.org.za/kzn/meetings/sydenham-friday/,meeting_unmatched
https://na.org.za/kzn/meetings/sydenham-saturday/,meeting_unmatched
https://na.org.za/kzn/meetings/thursday-queensburgh/,meeting_unmatched
https://na.org.za/kzn/meetings/tongaat-saturday/,meeting_unmatched
https://na.org.za/kzn/meetings/tongaat-sunday/,meeting_unmatched
https://na.org.za/kzn/meetings/tongaat-thursday/,meeting_unmatched
https://na.org.za/kzn/meetings/tongaat-tuesday/,meeting_unmatched
https://na.org.za/kzn/meetings/toti-sunday-steps-meeting/,meeting_unmatched
https://na.org.za/kzn/meetings/umbilo-monday/,meeting_unmatched
https://na.org.za/kzn/meetings/umhlali-tuesday-2/,meeting_unmatched
https://na.org.za/kzn/meetings/umhlali-tuesday/,meeting_unmatched
https://na.org.za/kzn/meetings/umhlanga-thursday/,meeting_unmatched
https://na.org.za/kzn/meetings/umzinto-saturday/,meeting_unmatched
https://na.org.za/kzn/meetings/westville-wednesday/,meeting_unmatched
https://na.org.za/kzn/na-meetings/,wordpress_rest_page_or_post
https://na.org.za/kzn/preambles/,wordpress_rest_page_or_post
https://na.org.za/meetings/,wordpress_rest_page_or_post
https://na.org.za/my-account/,wordpress_rest_page_or_post
https://na.org.za/na-literature/,wordpress_rest_page_or_post
https://na.org.za/online-meetings/,wordpress_rest_page_or_post
https://na.org.za/pta/,wordpress_rest_page_or_post
https://na.org.za/pta/2025/11/21/hello-world/,wordpress_rest_page_or_post
https://na.org.za/pta/category/uncategorized/,taxonomy_or_archive
https://na.org.za/pta/contact-us/,wordpress_rest_page_or_post
https://na.org.za/pta/downloads/,wordpress_rest_page_or_post
https://na.org.za/pta/event/padel-tournament/,event
https://na.org.za/pta/events/,event
https://na.org.za/pta/for-the-newcomer/,wordpress_rest_page_or_post
https://na.org.za/pta/group-readings/,wordpress_rest_page_or_post
https://na.org.za/pta/literature/,wordpress_rest_page_or_post
https://na.org.za/pta/locations/,location_unmatched
https://na.org.za/pta/locations/19027-somo-st-pretoria-0122-south-africa/,location_unmatched
https://na.org.za/pta/locations/constantia-park-2/,location_unmatched
https://na.org.za/pta/locations/constantia-park/,location_unmatched
https://na.org.za/pta/locations/eastwood/,location_unmatched
https://na.org.za/pta/locations/eersterus/,location_unmatched
https://na.org.za/pta/locations/garsfontein-2/,location_unmatched
https://na.org.za/pta/locations/garsfontein/,location_unmatched
https://na.org.za/pta/locations/hammanskraal-2/,location_unmatched
https://na.org.za/pta/locations/hammanskraal/,location_unmatched
https://na.org.za/pta/locations/hillcrest/,location_unmatched
https://na.org.za/pta/locations/laudium/,location_unmatched
https://na.org.za/pta/locations/lynnwoodrif-gemeente/,location_unmatched
https://na.org.za/pta/locations/lyttleton-2/,location_unmatched
https://na.org.za/pta/locations/lyttleton/,location_unmatched
https://na.org.za/pta/locations/mabopane-service-point/,location_unmatched
https://na.org.za/pta/locations/mamelodi-2/,location_unmatched
https://na.org.za/pta/locations/mamelodi/,location_unmatched
https://na.org.za/pta/locations/memezelo-high-school/,canonical_tsml_location
https://na.org.za/pta/locations/montana/,location_unmatched
https://na.org.za/pta/locations/new-apostolic-church-booysens/,location_unmatched
https://na.org.za/pta/locations/olympus/,location_unmatched
https://na.org.za/pta/locations/pretoria-south-africa/,location_unmatched
https://na.org.za/pta/locations/queenswood/,location_unmatched
https://na.org.za/pta/locations/rooihuiskraal/,location_unmatched
https://na.org.za/pta/locations/rustenburg-2/,canonical_tsml_location
https://na.org.za/pta/locations/rustenburg-3/,location_unmatched
https://na.org.za/pta/locations/rustenburg-4/,canonical_tsml_location
https://na.org.za/pta/locations/rustenburg-5/,canonical_tsml_location
https://na.org.za/pta/locations/rustenburg/,canonical_tsml_location
https://na.org.za/pta/locations/thabazimbi/,canonical_tsml_location
https://na.org.za/pta/locations/waterkloof-ridge/,location_unmatched
https://na.org.za/pta/locations/waterkloof/,location_unmatched
https://na.org.za/pta/meetings/,meeting_unmatched
https://na.org.za/pta/meetings/afrikaans/,meeting_unmatched
https://na.org.za/pta/meetings/back-to-basics/,meeting_unmatched
https://na.org.za/pta/meetings/besileia-tuesday-meeting-open/,meeting_unmatched
https://na.org.za/pta/meetings/booysens-meeting-thursday-open/,meeting_unmatched
https://na.org.za/pta/meetings/eersterus-2/,meeting_unmatched
https://na.org.za/pta/meetings/friday-second-chance-meeting/,meeting_unmatched
https://na.org.za/pta/meetings/group-living-clean-format-literature-study/,meeting_unmatched
https://na.org.za/pta/meetings/hammanskraal-meeting-monday-open/,meeting_unmatched
https://na.org.za/pta/meetings/hammanskraal-tuesday-meeting-open/,meeting_unmatched
https://na.org.za/pta/meetings/i-cant-we-can-wednesday/,meeting_unmatched
https://na.org.za/pta/meetings/lgbt/,meeting_unmatched
https://na.org.za/pta/meetings/mamelodi-west-open2/,meeting_unmatched
https://na.org.za/pta/meetings/mamelodi/,meeting_unmatched
https://na.org.za/pta/meetings/mens-meeting/,meeting_unmatched
https://na.org.za/pta/meetings/monday-rietvlei-meeting-open/,canonical_tsml_meeting
https://na.org.za/pta/meetings/monday-rustenburg-meeting-open/,canonical_tsml_meeting
https://na.org.za/pta/meetings/monday-second-chance-meeting/,meeting_unmatched
https://na.org.za/pta/meetings/new-meeting-thursday-700-pm/,meeting_unmatched
https://na.org.za/pta/meetings/open-meeting/,meeting_unmatched
https://na.org.za/pta/meetings/proteapark-wednesday-meeting-open/,canonical_tsml_meeting
https://na.org.za/pta/meetings/soshanguve-meeting-sunday-open/,canonical_tsml_meeting
https://na.org.za/pta/meetings/soshanguve-meeting-wednesday-open/,canonical_tsml_meeting
https://na.org.za/pta/meetings/speaker-meeting/,meeting_unmatched
https://na.org.za/pta/meetings/speaker/,meeting_unmatched
https://na.org.za/pta/meetings/spiritual-principles/,meeting_unmatched
https://na.org.za/pta/meetings/step-up-newcomer-group/,meeting_unmatched
https://na.org.za/pta/meetings/thandanani-walk-in-centre-tuesday-600-pm/,meeting_unmatched
https://na.org.za/pta/meetings/the-untold-stories-of-na-members-online/,meeting_unmatched
https://na.org.za/pta/meetings/thursday-rustenburg-meeting-open/,canonical_tsml_meeting
https://na.org.za/pta/meetings/thursday-second-chance-meeting/,meeting_unmatched
https://na.org.za/pta/meetings/thursday-thabazimbi-meeting-open/,canonical_tsml_meeting
https://na.org.za/pta/meetings/topic-2/,meeting_unmatched
https://na.org.za/pta/meetings/topic-3/,meeting_unmatched
https://na.org.za/pta/meetings/topic-4/,meeting_unmatched
https://na.org.za/pta/meetings/topic-tag-meeting/,meeting_unmatched
https://na.org.za/pta/meetings/topic/,meeting_unmatched
https://na.org.za/pta/meetings/tuesday-mabupane-recovery-meeting/,meeting_unmatched
https://na.org.za/pta/meetings/tuesday-second-chance-meeting/,meeting_unmatched
https://na.org.za/pta/meetings/wednesday-new-life-meeting-open/,meeting_unmatched
https://na.org.za/pta/meetings/wednesday-second-chance-meeting/,meeting_unmatched
https://na.org.za/pta/meetings/welcome-to-the-newcomer/,meeting_unmatched
https://na.org.za/pta/meetings/womens-meeting/,meeting_unmatched
https://na.org.za/pta/na-meetings/,wordpress_rest_page_or_post
https://na.org.za/shop/,wordpress_rest_page_or_post
https://na.org.za/wc/,wordpress_rest_page_or_post
https://na.org.za/wc/12-step-shares/,wordpress_rest_page_or_post
https://na.org.za/wc/about-na/,wordpress_rest_page_or_post
https://na.org.za/wc/add-activity-to-the-calendar/,wordpress_rest_page_or_post
https://na.org.za/wc/add-an-event/,wordpress_rest_page_or_post
https://na.org.za/wc/calendar/,wordpress_rest_page_or_post
https://na.org.za/wc/cart/,wordpress_rest_page_or_post
https://na.org.za/wc/checkout/,wordpress_rest_page_or_post
https://na.org.za/wc/common-na-terminology/,wordpress_rest_page_or_post
https://na.org.za/wc/contact/,wordpress_rest_page_or_post
https://na.org.za/wc/contacts/,wordpress_rest_page_or_post
https://na.org.za/wc/contribute/,wordpress_rest_page_or_post
https://na.org.za/wc/downloads-2/,wordpress_rest_page_or_post
https://na.org.za/wc/downloads/,wordpress_rest_page_or_post
https://na.org.za/wc/event/bellville-boston-thursday-home/,event
https://na.org.za/wc/event/blaauwberg-sunday-home/,event
https://na.org.za/wc/event/boerie-ball-autumn-edition/,event
https://na.org.za/wc/event/durbanville-together-we-can-monday-home/,event
https://na.org.za/wc/event/grassy-park-wednesday-courage-to-change-home/,event
https://na.org.za/wc/event/lakeside-serenity-sunday-home/,event
https://na.org.za/wc/event/milnerton-wednesday-together-we-can-home/,event
https://na.org.za/wc/event/mini-con-2026-guiding-principles-the-spirit-of-our-traditions/,event
https://na.org.za/wc/event/new-years-eve-party/,event
https://na.org.za/wc/event/pr-outreach-presentation-packing/,event
https://na.org.za/wc/event/pr-subcom-fellowship-wide-poster-run/,event
https://na.org.za/wc/event/service-speaker-jam/,event
https://na.org.za/wc/event/wc-events-subcomitee-presents/,wordpress_rest_page_or_post
https://na.org.za/wc/event/website-inventory/,event
https://na.org.za/wc/events/,event
https://na.org.za/wc/events/category/at-home/,taxonomy_or_archive
https://na.org.za/wc/how-to-start-an-na-meeting/,wordpress_rest_page_or_post
https://na.org.za/wc/in-person-meeting-update/,wordpress_rest_page_or_post
https://na.org.za/wc/in-person-meetings/,wordpress_rest_page_or_post
https://na.org.za/wc/information-about-na/,wordpress_rest_page_or_post
https://na.org.za/wc/locations/,location_unmatched
https://na.org.za/wc/locations/1st-rosebank-air-scouts-hall/,canonical_tsml_location
https://na.org.za/wc/locations/3-batavia-rd-bloubergstrand-cape-town-7436-south-africa/,location_unmatched
https://na.org.za/wc/locations/316-manenberg-avenue-manenberg/,location_unmatched
https://na.org.za/wc/locations/bellville-presbyterian-church-office/,location_unmatched
https://na.org.za/wc/locations/bonteheuwel-multi-purpose-centre/,location_unmatched
https://na.org.za/wc/locations/cape-town-drug-counselling-centre/,location_unmatched
https://na.org.za/wc/locations/cedar-high-school-entrance-off-weltevreden-rd/,location_unmatched
https://na.org.za/wc/locations/church-st-goodwood-estate-cape-town-7460-2/,location_unmatched
https://na.org.za/wc/locations/cnr-of-dolfyn-street-and-5th-onse-hoop-sentrum-struisbaai-noord/,location_unmatched
https://na.org.za/wc/locations/corner-of-gordon-rd-and-2nd-road/,location_unmatched
https://na.org.za/wc/locations/delft-civic-c-o-delft-and-voorbrug-main-road/,location_unmatched
https://na.org.za/wc/locations/durbanville-presbyterian-church-cnr-louw-st-and-hafele-st-durbanville-2/,location_unmatched
https://na.org.za/wc/locations/durbanville-presbyterian-church-cnr-louw-st-and-hafele-st-durbanville/,location_unmatched
https://na.org.za/wc/locations/east-claremont-congregational-church-craven-hall/,location_unmatched
https://na.org.za/wc/locations/gilpine-scout-hall/,location_unmatched
https://na.org.za/wc/locations/groote-kerk-sentrum/,location_unmatched
https://na.org.za/wc/locations/hanover-park-community-center/,location_unmatched
https://na.org.za/wc/locations/harry-giddy-park-mosselbay-south-africa/,location_unmatched
https://na.org.za/wc/locations/house-of-steps-plettenberg-bay/,location_unmatched
https://na.org.za/wc/locations/kalk-bay-community-centre/,location_unmatched
https://na.org.za/wc/locations/kenilworth-presybterian-church/,location_unmatched
https://na.org.za/wc/locations/knysna/,location_unmatched
https://na.org.za/wc/locations/kommetjie-christian-church/,location_unmatched
https://na.org.za/wc/locations/kuilsriver-public-library/,location_unmatched
https://na.org.za/wc/locations/meadowridge-primary-school-off-a-z-berman-drive-2/,location_unmatched
https://na.org.za/wc/locations/medway-community-church/,location_unmatched
https://na.org.za/wc/locations/methodist-church-burg-street/,location_unmatched
https://na.org.za/wc/locations/methodist-church-off-marsh-street/,location_unmatched
https://na.org.za/wc/locations/milnerton/,location_unmatched
https://na.org.za/wc/locations/mitchells-plain-family-and-youth-centre-corner-of-kilimanjaro-and-pyrenees-street/,location_unmatched
https://na.org.za/wc/locations/moravian-church-school/,location_unmatched
https://na.org.za/wc/locations/mountain-view-baptist-church/,location_unmatched
https://na.org.za/wc/locations/muizenberg-methodist-church/,location_unmatched
https://na.org.za/wc/locations/ng-gemeente-gordons-bay/,location_unmatched
https://na.org.za/wc/locations/ng-helderberg-gemeente-church/,location_unmatched
https://na.org.za/wc/locations/noordhoek-community-centre-2/,location_unmatched
https://na.org.za/wc/locations/observatory-community-centre-hall/,location_unmatched
https://na.org.za/wc/locations/observatory-community-recreation-centre-room-4/,location_unmatched
https://na.org.za/wc/locations/salesians-institute/,location_unmatched
https://na.org.za/wc/locations/sea-point-high-school-2/,location_unmatched
https://na.org.za/wc/locations/somerset-west-united-church/,location_unmatched
https://na.org.za/wc/locations/st-agnes-catholic-church/,location_unmatched
https://na.org.za/wc/locations/st-clements-primary-school-st-clements-way-2/,location_unmatched
https://na.org.za/wc/locations/st-clements-primary-school-st-clements-way/,location_unmatched
https://na.org.za/wc/locations/st-marks-catholic-church/,location_unmatched
https://na.org.za/wc/locations/st-marks-church-southfield/,location_unmatched
https://na.org.za/wc/locations/st-martins-anglican-church/,location_unmatched
https://na.org.za/wc/locations/st-marys-of-angels-catholic-church-86-lawrence-road-athlone/,location_unmatched
https://na.org.za/wc/locations/st-michael-and-all-angels-anglican-church/,location_unmatched
https://na.org.za/wc/locations/table-view-methodist-church/,location_unmatched
https://na.org.za/wc/locations/table-view-neighborhood-watch-headquarters/,location_unmatched
https://na.org.za/wc/locations/the-haven-night-shelter/,location_unmatched
https://na.org.za/wc/locations/toringkerk-paarl-church-hall-lower-hall/,location_unmatched
https://na.org.za/wc/locations/united-church-hermanus/,location_unmatched
https://na.org.za/wc/locations/western-cape-south-africa/,location_unmatched
https://na.org.za/wc/mediapacks-announcements/,wordpress_rest_page_or_post
https://na.org.za/wc/meetings/,wordpress_rest_page_or_post
https://na.org.za/wc/meetings/beacon-of-hope-na/,meeting_unmatched
https://na.org.za/wc/meetings/beginners-group/,meeting_unmatched
https://na.org.za/wc/meetings/bellville/,meeting_unmatched
https://na.org.za/wc/meetings/blouberg-2/,meeting_unmatched
https://na.org.za/wc/meetings/blouberg/,meeting_unmatched
https://na.org.za/wc/meetings/blue-monday-steenberg/,meeting_unmatched
https://na.org.za/wc/meetings/bonteheuwel/,meeting_unmatched
https://na.org.za/wc/meetings/city-bowl/,meeting_unmatched
https://na.org.za/wc/meetings/claremont-express-meeting/,meeting_unmatched
https://na.org.za/wc/meetings/constantia/,meeting_unmatched
https://na.org.za/wc/meetings/crawford/,meeting_unmatched
https://na.org.za/wc/meetings/ct-womens-meeting/,canonical_tsml_meeting
https://na.org.za/wc/meetings/delft/,meeting_unmatched
https://na.org.za/wc/meetings/durbanville-2/,meeting_unmatched
https://na.org.za/wc/meetings/durbanville-wednesday-lunch/,meeting_unmatched
https://na.org.za/wc/meetings/durbanville/,meeting_unmatched
https://na.org.za/wc/meetings/freaky-fridays/,meeting_unmatched
https://na.org.za/wc/meetings/goodwood/,meeting_unmatched
https://na.org.za/wc/meetings/gordons-bay/,meeting_unmatched
https://na.org.za/wc/meetings/grassy_park/,meeting_unmatched
https://na.org.za/wc/meetings/green-point-just-for-today/,meeting_unmatched
https://na.org.za/wc/meetings/green-point-topic-meeting-share-2/,meeting_unmatched
https://na.org.za/wc/meetings/green-point-topic-meeting-share/,meeting_unmatched
https://na.org.za/wc/meetings/green-point/,meeting_unmatched
https://na.org.za/wc/meetings/greenpoint/,meeting_unmatched
https://na.org.za/wc/meetings/hanover-park-get-back-up/,meeting_unmatched
https://na.org.za/wc/meetings/helderberg/,meeting_unmatched
https://na.org.za/wc/meetings/hour-of-power-online/,meeting_unmatched
https://na.org.za/wc/meetings/just-for-today-2-2/,meeting_unmatched
https://na.org.za/wc/meetings/just-for-today-2/,meeting_unmatched
https://na.org.za/wc/meetings/just-for-today-2a/,meeting_unmatched
https://na.org.za/wc/meetings/just-for-today-3/,meeting_unmatched
https://na.org.za/wc/meetings/just-for-today-3a/,meeting_unmatched
https://na.org.za/wc/meetings/just-for-today-5/,meeting_unmatched
https://na.org.za/wc/meetings/just-for-today-7/,meeting_unmatched
https://na.org.za/wc/meetings/just-for-today/,meeting_unmatched
https://na.org.za/wc/meetings/kalk-bay/,meeting_unmatched
https://na.org.za/wc/meetings/kenilworth-3/,meeting_unmatched
https://na.org.za/wc/meetings/knysna-wednesday-700-pm-2/,meeting_unmatched
https://na.org.za/wc/meetings/knysna-wednesday-700-pm/,meeting_unmatched
https://na.org.za/wc/meetings/kuilsriver/,meeting_unmatched
https://na.org.za/wc/meetings/lansdowne/,meeting_unmatched
https://na.org.za/wc/meetings/living-miracles/,meeting_unmatched
https://na.org.za/wc/meetings/living-queer-lit/,meeting_unmatched
https://na.org.za/wc/meetings/living-queer/,meeting_unmatched
https://na.org.za/wc/meetings/lotus-river-every-step-counts/,meeting_unmatched
https://na.org.za/wc/meetings/manenberg-new-hope-meeting/,meeting_unmatched
https://na.org.za/wc/meetings/miracles-milestones/,meeting_unmatched
https://na.org.za/wc/meetings/mitchells-plain-from-the-streets-to-the-seats/,meeting_unmatched
https://na.org.za/wc/meetings/mitchells-plain-grow-and-change-group/,meeting_unmatched
https://na.org.za/wc/meetings/mitchells-plain/,meeting_unmatched
https://na.org.za/wc/meetings/mitchells_plein/,meeting_unmatched
https://na.org.za/wc/meetings/mossel-bay/,meeting_unmatched
https://na.org.za/wc/meetings/muizenberg/,meeting_unmatched
https://na.org.za/wc/meetings/na-edgemead-narcotics-anonymous-cape-town-keep-it-simple-na-thursday-na-meeting-na-support-group-western-cape-na-speaker-meeting-edgemead/,meeting_unmatched
https://na.org.za/wc/meetings/na-hermanus/,meeting_unmatched
https://na.org.za/wc/meetings/noordhoek-new-way-of-life-2/,meeting_unmatched
https://na.org.za/wc/meetings/observatory-2/,meeting_unmatched
https://na.org.za/wc/meetings/observatory-express/,meeting_unmatched
https://na.org.za/wc/meetings/observatory/,meeting_unmatched
https://na.org.za/wc/meetings/paarl/,meeting_unmatched
https://na.org.za/wc/meetings/page-by-page/,taxonomy_or_archive
https://na.org.za/wc/meetings/pink-cloud-2/,meeting_unmatched
https://na.org.za/wc/meetings/plettenberg-bay-2/,meeting_unmatched
https://na.org.za/wc/meetings/plettenberg-bay/,meeting_unmatched
https://na.org.za/wc/meetings/plumstead-strength-and-unity/,meeting_unmatched
https://na.org.za/wc/meetings/retreat/,meeting_unmatched
https://na.org.za/wc/meetings/seapointlivingclean/,meeting_unmatched
https://na.org.za/wc/meetings/somerset-west/,meeting_unmatched
https://na.org.za/wc/meetings/southfield/,meeting_unmatched
https://na.org.za/wc/meetings/st-josephs-church-friday-500-pm/,meeting_unmatched
https://na.org.za/wc/meetings/stellenbosch/,meeting_unmatched
https://na.org.za/wc/meetings/sunday-serenity/,meeting_unmatched
https://na.org.za/wc/meetings/surrender-to-monday/,meeting_unmatched
https://na.org.za/wc/meetings/table-view/,meeting_unmatched
https://na.org.za/wc/meetings/wednesdays-we-can/,meeting_unmatched
https://na.org.za/wc/meetings/welcome-home/,meeting_unmatched
https://na.org.za/wc/meetings/woodstock-meeting/,meeting_unmatched
https://na.org.za/wc/meetings/young-peoples-meeting/,meeting_unmatched
https://na.org.za/wc/na-literature/,wordpress_rest_page_or_post
https://na.org.za/wc/online-meeting-update/,wordpress_rest_page_or_post
https://na.org.za/wc/online-meetings/,wordpress_rest_page_or_post
https://na.org.za/wc/policies-and-resources/,wordpress_rest_page_or_post
https://na.org.za/wc/preambles-for-service/,wordpress_rest_page_or_post
https://na.org.za/wc/preambles/,wordpress_rest_page_or_post
https://na.org.za/wc/professionals/,wordpress_rest_page_or_post
https://na.org.za/wc/service/,wordpress_rest_page_or_post
https://na.org.za/wc/shop/,wordpress_rest_page_or_post
https://na.org.za/wc/subcommittees/,wordpress_rest_page_or_post
https://na.org.za/wc/useful-links/,wordpress_rest_page_or_post
https://na.org.za/wc/wc-events/,wordpress_rest_page_or_post
https://na.org.za/wc/welcome/,wordpress_rest_page_or_post
https://na.org.za/wc/what-happens-at-an-na-meeting/,wordpress_rest_page_or_post
https://na.org.za/wc/who-are-our-members/,wordpress_rest_page_or_post
https://na.org.za/what-happens-at-an-na-meeting/,wordpress_rest_page_or_post
