site,endpoint,id,status,slug,source_url,title,modified,content_words,excerpt_words,has_body
region,pages,1458,publish,my-account,https://na.org.za/my-account/,My account,2025-11-19T13:05:39,24,0,True
region,pages,1457,publish,checkout,https://na.org.za/checkout/,Checkout,2025-11-19T13:05:39,0,0,False
region,pages,1456,publish,cart,https://na.org.za/cart/,Cart,2025-11-19T13:05:39,73,0,True
region,pages,1455,publish,shop,https://na.org.za/shop/,Shop,2025-11-19T13:05:39,0,0,False
region,pages,817,publish,how-to-start-an-na-meeting,https://na.org.za/how-to-start-an-na-meeting/,How to start an NA meeting,2025-11-17T20:41:07,4002,174,True
region,pages,808,publish,na-literature,https://na.org.za/na-literature/,NA Literature,2025-11-17T20:39:48,2079,169,True
region,pages,795,publish,information-about-na,https://na.org.za/information-about-na/,Information About NA,2025-11-17T20:24:57,2376,213,True
region,pages,785,publish,what-happens-at-an-na-meeting,https://na.org.za/what-happens-at-an-na-meeting/,What Happens at an NA Meeting?,2025-11-17T20:22:38,2461,197,True
region,pages,778,publish,contact,https://na.org.za/contact/,Contact,2026-02-06T13:37:40,747,420,True
region,pages,772,publish,about-na,https://na.org.za/about-na/,About NA,2025-11-17T20:18:54,1729,192,True
region,pages,767,publish,in-person-meetings,https://na.org.za/in-person-meetings/,In-Person Meetings,2026-03-09T10:54:57,18,18,True
region,pages,760,publish,online-meetings,https://na.org.za/online-meetings/,Online Meetings,2026-03-09T10:56:09,15,15,True
region,pages,740,publish,meetings,https://na.org.za/meetings/,Meetings,2026-03-09T10:50:19,8,8,True
region,pages,14,publish,14-2,https://na.org.za/,Home,2026-03-21T14:41:46,1581,163,True
region,posts,1,publish,hello-world,https://na.org.za/blog/hello-world/,Hello world!,2025-11-15T22:00:18,85,85,True
johannesburg,pages,41,publish,contact-us,https://na.org.za/jhb/contact-us/,Contact Us,2025-11-24T12:38:45,8867,250,True
johannesburg,pages,39,publish,asc-contact-details,https://na.org.za/jhb/asc-contact-details/,ASC Contact Details,2025-11-21T19:42:30,499,208,True
johannesburg,pages,37,publish,policies,https://na.org.za/jhb/policies/,Policies,2025-11-24T12:37:39,634,182,True
johannesburg,pages,35,publish,7th-tradition,https://na.org.za/jhb/7th-tradition/,7th Tradition,2025-11-21T19:37:16,1495,175,True
johannesburg,pages,33,publish,predatory-behaviour,https://na.org.za/jhb/predatory-behaviour/,Predatory Behaviour,2025-11-24T12:37:10,93,72,True
johannesburg,pages,31,publish,subcommittees,https://na.org.za/jhb/subcommittees/,Subcommittees,2025-11-21T19:33:13,6425,194,True
johannesburg,pages,29,publish,add-event,https://na.org.za/jhb/add-event/,Add Event,2025-11-21T19:28:35,590,573,True
johannesburg,pages,26,publish,calendar,https://na.org.za/jhb/calendar/,Calendar,2025-11-21T19:27:18,66,58,True
johannesburg,pages,24,publish,downloads,https://na.org.za/jhb/downloads/,Downloads,2025-11-24T12:36:29,1718,202,True
johannesburg,pages,22,publish,na-terminology,https://na.org.za/jhb/na-terminology/,NA Terminology,2025-11-21T19:24:13,5250,186,True
johannesburg,pages,20,publish,group-readings,https://na.org.za/jhb/group-readings/,Group Readings,2025-11-24T12:35:37,1334,167,True
johannesburg,pages,18,publish,literature,https://na.org.za/jhb/literature/,Literature,2025-11-24T12:34:46,2429,169,True
johannesburg,pages,16,publish,add-a-meeting,https://na.org.za/jhb/add-a-meeting/,Add a Meeting,2025-11-21T19:18:27,4449,4435,True
johannesburg,pages,14,publish,na-meetings,https://na.org.za/jhb/na-meetings/,Meetings,2026-03-10T07:24:48,8,8,True
johannesburg,pages,12,publish,new-to-na,https://na.org.za/jhb/new-to-na/,New To NA,2025-11-24T12:33:56,2371,170,True
johannesburg,pages,9,publish,home,https://na.org.za/jhb/,Home,2025-11-21T19:02:48,1296,163,True
johannesburg,posts,1,publish,hello-world,https://na.org.za/jhb/2025/11/21/hello-world/,Hello world!,2025-11-21T18:38:21,122,121,True
pretoria,pages,4799,publish,na-meetings,https://na.org.za/pta/na-meetings/,Meetings,2026-03-10T09:11:08,1935,8,True
pretoria,pages,4794,publish,for-the-newcomer,https://na.org.za/pta/for-the-newcomer/,For The Newcomer,2025-11-24T12:32:06,852,182,True
pretoria,pages,4792,publish,group-readings,https://na.org.za/pta/group-readings/,Group Readings,2025-11-21T18:22:45,1324,167,True
pretoria,pages,4790,publish,downloads,https://na.org.za/pta/downloads/,Downloads,2025-11-24T12:31:21,1718,202,True
pretoria,pages,4788,publish,literature,https://na.org.za/pta/literature/,Literature,2025-11-21T18:19:53,2079,169,True
pretoria,pages,4786,publish,contact-us,https://na.org.za/pta/contact-us/,Contact Us,2025-11-21T18:28:20,276,125,True
pretoria,pages,4783,publish,home,https://na.org.za/pta/,Home,2025-11-21T18:04:13,1944,163,True
pretoria,posts,1,publish,hello-world,https://na.org.za/pta/2025/11/21/hello-world/,Hello world!,2025-11-21T17:54:51,122,121,True
pretoria,tribe_organizer,5035,publish,rowan,https://na.org.za/pta/organizer/rowan/,Rowan,2026-02-24T06:51:10,0,0,False
pretoria,tribe_organizer,5031,publish,chante,https://na.org.za/pta/organizer/chante/,Chanté,2026-02-24T06:50:58,0,0,False
western-cape,pages,5457,publish,mediapacks-announcements,https://na.org.za/wc/mediapacks-announcements/,Media Packs & Announcements,2026-07-20T15:47:41,9541,234,True
western-cape,pages,4875,publish,downloads-2,https://na.org.za/wc/downloads-2/,Downloads 2,2026-05-03T13:26:13,1362,208,True
western-cape,pages,4867,publish,preambles-for-service,https://na.org.za/wc/preambles-for-service/,Preambles For Service,2026-04-15T08:49:12,1246,167,True
western-cape,pages,4856,publish,who-are-our-members,https://na.org.za/wc/who-are-our-members/,Who Are Our Members,2026-01-06T12:34:26,896,179,True
western-cape,pages,4836,publish,professionals,https://na.org.za/wc/professionals/,For The Professionals,2026-01-06T09:38:50,3093,204,True
western-cape,pages,4803,publish,welcome,https://na.org.za/wc/welcome/,Welcome,2026-03-09T15:01:26,6204,177,True
western-cape,pages,4741,publish,subcommittees,https://na.org.za/wc/subcommittees/,Subcommittees,2025-11-20T18:09:47,2572,181,True
western-cape,pages,4735,publish,policies-and-resources,https://na.org.za/wc/policies-and-resources/,Policies and Resources,2026-01-06T07:57:48,1180,182,True
western-cape,pages,4728,publish,contacts,https://na.org.za/wc/contacts/,Contacts,2025-11-20T17:50:19,1022,331,True
western-cape,pages,4722,publish,add-activity-to-the-calendar,https://na.org.za/wc/add-activity-to-the-calendar/,Add Activity To The Calendar,2025-11-20T17:43:32,501,476,True
western-cape,pages,4715,publish,calendar,https://na.org.za/wc/calendar/,Calendar,2026-03-15T17:59:46,668,180,True
western-cape,pages,4708,publish,contribute,https://na.org.za/wc/contribute/,Contribute,2026-02-02T09:04:58,1658,196,True
western-cape,pages,4703,publish,useful-links,https://na.org.za/wc/useful-links/,Useful Links,2025-11-20T13:58:15,471,194,True
western-cape,pages,4693,publish,common-na-terminology,https://na.org.za/wc/common-na-terminology/,Common NA Terminology,2026-01-06T12:09:38,5250,186,True
western-cape,pages,4678,publish,12-step-shares,https://na.org.za/wc/12-step-shares/,12 Step Shares,2025-11-19T15:58:37,552,171,True
western-cape,pages,4673,publish,service,https://na.org.za/wc/service/,Service,2025-11-19T15:36:03,3663,160,True
western-cape,pages,4666,publish,preambles,https://na.org.za/wc/preambles/,Preambles,2026-04-15T08:51:50,1127,167,True
western-cape,pages,4661,publish,downloads,https://na.org.za/wc/downloads/,Downloads,2026-01-06T16:25:00,1285,202,True
western-cape,pages,4652,publish,in-person-meeting-update,https://na.org.za/wc/in-person-meeting-update/,In-Person Meeting Update,2025-11-19T14:26:25,4672,4647,True
western-cape,pages,4644,publish,online-meeting-update,https://na.org.za/wc/online-meeting-update/,Online Meeting Update,2025-11-19T14:07:01,1116,1094,True
western-cape,pages,4622,publish,checkout,https://na.org.za/wc/checkout/,Checkout,2025-11-19T13:05:52,0,0,False
western-cape,pages,4621,publish,cart,https://na.org.za/wc/cart/,Cart,2025-11-19T13:06:44,73,0,True
western-cape,pages,4620,publish,shop,https://na.org.za/wc/shop/,Shop,2025-11-19T13:05:52,0,0,False
western-cape,pages,4606,publish,wc-events,https://na.org.za/wc/wc-events/,Events,2026-01-26T05:35:38,66,58,True
western-cape,pages,4598,publish,add-an-event,https://na.org.za/wc/add-an-event/,Add an event,2025-11-19T12:23:11,590,573,True
western-cape,pages,892,publish,what-happens-at-an-na-meeting,https://na.org.za/wc/what-happens-at-an-na-meeting/,What Happens at an NA Meeting?,2025-11-18T16:19:22,2461,197,True
western-cape,pages,889,publish,online-meetings,https://na.org.za/wc/online-meetings/,Online Meetings,2026-03-09T15:09:26,15,15,True
western-cape,pages,886,publish,na-literature,https://na.org.za/wc/na-literature/,NA Literature,2026-01-26T05:24:19,2429,169,True
western-cape,pages,883,publish,meetings,https://na.org.za/wc/meetings/,Meetings,2025-11-18T16:17:03,101,100,True
western-cape,pages,880,publish,information-about-na,https://na.org.za/wc/information-about-na/,Information About NA,2025-11-18T15:41:09,2376,213,True
western-cape,pages,877,publish,in-person-meetings,https://na.org.za/wc/in-person-meetings/,In-Person Meetings,2026-03-09T15:10:10,35,18,True
western-cape,pages,874,publish,how-to-start-an-na-meeting,https://na.org.za/wc/how-to-start-an-na-meeting/,How to start an NA meeting,2025-11-18T15:39:24,621,174,True
western-cape,pages,871,publish,home,https://na.org.za/wc/,Home,2026-07-18T08:09:57,1533,163,True
western-cape,pages,868,publish,contact,https://na.org.za/wc/contact/,Contact,2026-04-15T14:29:35,923,517,True
western-cape,pages,864,publish,about-na,https://na.org.za/wc/about-na/,About NA,2025-11-18T20:00:09,5077,161,True
western-cape,tribe_events,5285,publish,wc-events-subcomitee-presents,https://na.org.za/wc/event/wc-events-subcomitee-presents/,WC Events Plan for 2026,2026-02-24T07:56:53,24,24,True
western-cape,tribe_venue,5586,publish,milnerton-methodist-church,https://na.org.za/wc/venue/milnerton-methodist-church/,Milnerton Methodist Church,2026-07-02T11:12:01,0,0,False
western-cape,tribe_venue,5582,publish,bellville-presbyterian-church-office,https://na.org.za/wc/venue/bellville-presbyterian-church-office/,Bellville Presbyterian Church Office,2026-07-02T10:49:51,0,0,False
western-cape,tribe_venue,5524,publish,durbanville-presbyterian-church-cnr-louw-st-and-hafele-st-durbanville-5-louw-st-durbanville-cape-town-7550-south-africa,https://na.org.za/wc/venue/durbanville-presbyterian-church-cnr-louw-st-and-hafele-st-durbanville-5-louw-st-durbanville-cape-town-7550-south-africa/,"Durbanville Presbyterian Church, 5 Louw St, Durbanville, Cape Town, 7550, South Africa",2026-06-01T09:51:34,0,0,False
western-cape,tribe_venue,5489,publish,dance-for-all,https://na.org.za/wc/venue/dance-for-all/,Dance For All,2026-05-21T18:07:18,0,0,False
western-cape,tribe_venue,5477,publish,mountain-view-baptist-church,https://na.org.za/wc/venue/mountain-view-baptist-church/,Mountain View Baptist Church,2026-05-11T19:29:35,0,0,False
western-cape,tribe_venue,5474,publish,st-clements-primary-school,https://na.org.za/wc/venue/st-clements-primary-school/,St Clements Primary School,2026-05-11T19:27:57,0,0,False
western-cape,tribe_venue,5470,publish,table-view-neighborhood-watch-headquarters,https://na.org.za/wc/venue/table-view-neighborhood-watch-headquarters/,Table View Neighborhood Watch Headquarters,2026-05-11T19:24:35,0,0,False
western-cape,tribe_venue,5359,publish,artscape-theatre,https://na.org.za/wc/venue/artscape-theatre/,Artscape Theatre,2026-03-24T18:03:55,0,0,False
western-cape,tribe_venue,5319,publish,st-agnes-church,https://na.org.za/wc/venue/st-agnes-church/,St Agnes Church,2026-03-20T08:22:56,0,0,False
western-cape,tribe_venue,4611,publish,sea-point-high-school,https://na.org.za/wc/venue/sea-point-high-school/,Sea Point High School,2025-11-19T12:44:06,0,0,False
western-cape,tribe_organizer,5492,publish,wc-website-subcom,https://na.org.za/wc/organizer/wc-website-subcom/,WC Website Subcom,2026-05-21T18:07:35,0,0,False
western-cape,tribe_organizer,5441,publish,wc-pr-subcom-2,https://na.org.za/wc/organizer/wc-pr-subcom-2/,WC PR Subcom,2026-04-21T07:36:53,0,0,False
western-cape,tribe_organizer,5438,publish,wc-pr-subcom,https://na.org.za/wc/organizer/wc-pr-subcom/,WC PR Subcom,2026-04-21T07:36:40,0,0,False
western-cape,tribe_organizer,5389,publish,wc-events-subcom,https://na.org.za/wc/organizer/wc-events-subcom/,WC Events Subcom,2026-04-13T17:38:52,0,0,False
western-cape,tribe_organizer,4604,publish,narcotics-anonymous-western-cape,https://na.org.za/wc/organizer/narcotics-anonymous-western-cape/,Narcotics Anonymous Western Cape,2025-11-19T12:33:09,0,0,False
kwazulu-natal,pages,8763,publish,area-service-committee,https://na.org.za/kzn/area-service-committee/,Area Service Committee,2025-11-21T15:33:33,6888,179,True
kwazulu-natal,pages,8761,publish,downloads,https://na.org.za/kzn/downloads/,Downloads,2025-11-24T12:29:20,1718,202,True
kwazulu-natal,pages,8759,publish,literature,https://na.org.za/kzn/literature/,Literature,2025-11-24T12:26:10,3279,169,True
kwazulu-natal,pages,8757,publish,preambles,https://na.org.za/kzn/preambles/,Preambles,2025-11-24T12:28:22,1385,167,True
kwazulu-natal,pages,8755,publish,na-meetings,https://na.org.za/kzn/na-meetings/,Meetings,2026-03-10T07:23:47,8,8,True
kwazulu-natal,pages,8734,publish,home,https://na.org.za/kzn/,Home,2025-11-21T18:11:07,1313,163,True
kwazulu-natal,posts,1,publish,hello-world,https://na.org.za/kzn/2025/11/18/hello-world/,Hello world!,2025-11-18T17:52:58,122,121,True
